id,label
20310,0
5090,0
12849,0
119440,0
54182,0
47640,0
83394,0
117840,0
12850,0
101295,0
88712,0
50179,0
80608,0
48540,0
27822,0
43431,0
102909,0
41890,0
38900,0
128605,0
26758,0
120883,0
77047,0
5299,0
15347,0
34071,0
52246,0
131040,0
88478,0
130873,0
94529,0
127471,0
20807,0
53798,0
129490,0
10858,0
59277,0
106839,0
12204,0
97609,0
44323,0
82339,0
128423,0
18899,0
54299,0
90411,0
103962,0
48523,0
7707,0
122432,0
23909,0
129709,0
10696,0
128907,0
41100,0
20523,0
28206,0
14156,0
121194,0
74874,0
99185,0
605,0
4731,0
77079,0
9754,0
130276,0
123661,0
24,0
6647,0
71584,0
20326,0
77446,0
77564,0
127581,0
126040,0
128637,0
94751,0
32581,0
131431,0
66534,0
54116,0
72086,0
22568,0
18559,0
31602,0
2465,0
42434,0
87524,0
29730,0
35202,0
35248,0
24387,0
36699,0
36928,0
101816,0
6117,0
58716,0
30116,0
20902,0
4577,0
65664,0
95255,0
30231,0
131291,0
37344,0
121347,0
57387,0
44719,0
43190,0
122902,0
10244,0
43250,0
119609,0
11223,0
130072,0
74497,0
5888,0
116161,0
68756,0
46096,0
56055,0
56837,0
12028,0
6595,0
55929,0
18634,0
56943,0
1942,0
5618,0
14053,0
9797,0
32459,0
87659,0
106730,0
134271,0
13243,0
69038,0
68292,0
33643,0
129301,0
60709,0
54639,0
60135,0
79965,0
1871,0
8803,0
89494,0
44384,0
17933,0
17756,0
98726,0
29103,0
109757,0
130039,0
55986,0
52412,0
58754,0
107508,0
28787,0
57852,0
107825,0
117870,0
17174,0
78545,0
122835,0
89746,0
56488,0
132423,0
133420,0
124694,0
116233,0
11326,0
31635,0
65289,0
115845,0
63623,0
127166,0
131747,0
96961,0
8863,0
129670,0
51040,0
21147,0
26099,0
55874,0
42320,0
79357,0
47473,0
126824,0
74289,0
134053,0
127235,0
55984,0
75887,0
132685,0
104133,0
30675,0
41005,0
76730,0
56420,0
19414,0
131911,0
97014,0
40377,0
51367,0
110182,0
28014,0
100909,0
132746,0
70939,0
8777,0
29190,0
18839,0
14062,0
27619,0
128303,0
40096,0
42049,0
37495,0
117940,0
41574,0
27010,0
132602,0
43008,0
59731,0
21370,0
131286,0
5481,0
16088,0
12965,0
86572,0
66376,0
38209,0
29560,0
13721,0
53125,0
3477,0
121933,0
23955,0
131741,0
2642,0
83531,0
61954,0
35752,0
27068,0
73946,0
17389,0
36580,0
2999,0
41232,0
21310,0
108717,0
13879,0
20501,0
18626,0
48254,0
2814,0
13435,0
117476,0
14113,0
96156,0
44170,0
31501,0
125420,0
7580,0
24092,0
130994,0
84844,0
31536,0
30640,0
84376,0
8065,0
17739,0
132222,0
106713,0
28162,0
44668,0
17854,0
13248,0
1845,0
26724,0
103821,0
133230,0
20579,0
34620,0
26429,0
43568,0
126661,0
124610,0
2242,0
110576,0
46480,0
128243,0
127440,0
7654,0
6581,0
10732,0
15800,0
32883,0
14534,0
51241,0
42877,0
4792,0
6752,0
60080,0
69040,0
133812,0
2111,0
719,0
31868,0
34178,0
128410,0
130125,0
111366,0
98089,0
20803,0
108934,0
18370,0
59751,0
13089,0
19928,0
285,0
46417,0
132323,0
37457,0
52730,0
28679,0
18768,0
49,0
10258,0
42128,0
58619,0
118909,0
124658,0
130701,0
17619,0
33253,0
27940,0
74291,0
97114,0
113029,0
129703,0
94214,0
349,0
133216,0
47299,0
42776,0
129946,0
6741,0
56560,0
19644,0
42355,0
75834,0
43872,0
132613,0
7021,0
36795,0
30450,0
130803,0
63510,0
84,0
6108,0
100190,0
1481,0
92947,0
6260,0
26704,0
7878,0
13256,0
124060,0
60625,0
15863,0
126844,0
32679,0
121637,0
133248,0
48096,0
6877,0
64831,0
29317,0
102809,0
1642,0
120575,0
8473,0
56968,0
10554,0
132430,0
3460,0
63890,0
97140,0
14916,0
131258,0
123525,0
6216,0
19229,0
43204,0
15873,0
120831,0
23321,0
85204,0
125561,0
34748,0
130970,0
132584,0
54109,0
19174,0
30308,0
37673,0
126944,0
91745,0
9966,0
1111,0
5771,0
43508,0
23944,0
129791,0
64912,0
27828,0
133895,0
129808,0
29692,0
119504,0
36103,0
5477,0
40791,0
133460,0
10265,0
82036,0
36700,0
26500,0
53503,0
97294,0
116297,0
94158,0
128517,0
97131,0
56292,0
127959,0
51223,0
97703,0
119400,0
48804,0
15464,0
32051,0
67584,0
41144,0
38246,0
83255,0
75951,0
14521,0
71150,0
12067,0
126953,0
59017,0
59023,0
94070,0
103379,0
21305,0
67931,0
60475,0
10792,0
132668,0
23713,0
16182,0
134112,0
131435,0
132946,0
79628,0
45540,0
119533,0
60246,0
91910,0
70017,0
132239,0
41155,0
45901,0
52035,0
130284,0
110137,0
39057,0
120614,0
60198,0
123568,0
13356,0
83937,0
17966,0
10462,0
70640,0
106967,0
123508,0
67490,0
133387,0
131905,0
19373,0
58603,0
22505,0
32107,0
127375,0
122111,0
79816,0
119358,0
32340,0
33058,0
14124,0
21661,0
115139,0
98023,0
649,0
75077,0
69140,0
22949,0
123392,0
128387,0
2233,0
45543,0
4125,0
35307,0
75061,0
81205,0
35499,0
119233,0
66246,0
79277,0
9563,0
56023,0
33800,0
63106,0
10812,0
74683,0
82224,0
29481,0
57990,0
105572,0
1372,0
49213,0
27555,0
132091,0
70251,0
102284,0
59688,0
132074,0
37497,0
29925,0
1196,0
41460,0
55129,0
57794,0
131497,0
128337,0
136,0
122307,0
130321,0
68363,0
13758,0
132083,0
46593,0
63484,0
128550,0
129623,0
41034,0
1533,0
42073,0
121311,0
17481,0
42594,0
72485,0
45545,0
41229,0
123213,0
102409,0
5421,0
132763,0
11766,0
38529,0
131416,0
46513,0
25217,0
48414,0
36282,0
26629,0
8552,0
14356,0
13575,0
21666,0
30364,0
112117,0
110183,0
114558,0
17141,0
47755,0
42477,0
7175,0
13455,0
11362,0
68003,0
57911,0
9222,0
66881,0
27719,0
103944,0
99577,0
10007,0
56109,0
66995,0
54564,0
78588,0
39750,0
3204,0
27477,0
19807,0
19604,0
127341,0
78522,0
94290,0
47202,0
27926,0
17809,0
39103,0
104476,0
24632,0
47602,0
74575,0
133280,0
54017,0
110441,0
129176,0
1268,0
20270,0
43876,0
47897,0
122373,0
62074,0
41868,0
8047,0
1792,0
8776,0
124719,0
23702,0
42354,0
79288,0
106871,0
98552,0
131962,0
43358,0
72406,0
4337,0
128690,0
28832,0
26735,0
3356,0
94620,0
134016,0
33418,0
128049,0
19224,0
14285,0
24408,0
130066,0
31700,0
12932,0
105089,0
86757,0
31378,0
18890,0
253,0
56597,0
34761,0
45296,0
20395,0
58798,0
129949,0
131241,0
14548,0
33402,0
131798,0
133286,0
39581,0
76772,0
36319,0
14989,0
24048,0
96557,0
4568,0
104205,0
9999,0
129067,0
75652,0
99573,0
12107,0
49411,0
130588,0
15602,0
63308,0
37869,0
58166,0
120234,0
18787,0
3664,0
133469,0
51582,0
43995,0
42947,0
26342,0
130675,0
36016,0
30287,0
58425,0
52937,0
5262,0
35725,0
133501,0
90888,0
2617,0
114885,0
58590,0
56491,0
57267,0
85617,0
40906,0
18164,0
133361,0
90432,0
90619,0
94696,0
53193,0
57834,0
9257,0
21669,0
36833,0
79811,0
45414,0
5719,0
7759,0
41999,0
34854,0
120219,0
65539,0
126373,0
25329,0
132295,0
82447,0
65215,0
102252,0
94309,0
29987,0
125462,0
74988,0
35066,0
65540,0
129803,0
400,0
60503,0
7230,0
53816,0
96026,0
56123,0
128088,0
45149,0
54144,0
129711,0
41620,0
125763,0
15539,0
62569,0
95251,0
130721,0
76155,0
44468,0
39690,0
65167,0
31275,0
98811,0
129318,0
1599,0
26680,0
81453,0
121877,0
96846,0
130283,0
28681,0
17469,0
467,0
46589,0
35128,0
51723,0
107287,0
133183,0
11657,0
26578,0
54012,0
38479,0
51859,0
129284,0
124323,0
69110,0
23880,0
58265,0
129759,0
105141,0
119608,0
23527,0
129694,0
37843,0
127845,0
106674,0
32373,0
5779,0
59272,0
31094,0
116608,0
6272,0
41685,0
120487,0
5386,0
57262,0
66589,0
4302,0
6855,0
6583,0
22564,0
84084,0
29848,0
129763,0
56287,0
13221,0
30524,0
54282,0
56907,0
122023,0
56220,0
45364,0
23338,0
90185,0
1864,0
122161,0
10703,0
54190,0
9908,0
133394,0
107040,0
130937,0
19778,0
80084,0
64782,0
129657,0
129369,0
62814,0
27430,0
132687,0
23606,0
126211,0
52379,0
114230,0
122937,0
18866,0
68117,0
89380,0
118105,0
128173,0
46312,0
59481,0
17313,0
130857,0
117075,0
35906,0
33678,0
130440,0
24412,0
125137,0
9907,0
129907,0
96607,0
8575,0
97729,0
128196,0
59021,0
126105,0
2006,0
128789,0
89312,0
4835,0
6517,0
104520,0
106061,0
27219,0
45845,0
43864,0
106641,0
74862,0
19933,0
37978,0
40916,0
131853,0
118833,0
6224,0
27163,0
6778,0
91223,0
65767,0
19488,0
21996,0
78787,0
101942,0
37043,0
27042,0
53364,0
39028,0
25202,0
79583,0
50633,0
130830,0
12475,0
14703,0
128909,0
125032,0
111413,0
91683,0
21362,0
87116,0
4967,0
126584,0
28279,0
106785,0
128245,0
46123,0
28754,0
122467,0
23571,0
106692,0
105160,0
129266,0
96154,0
26999,0
108818,0
20424,0
132591,0
25457,0
42263,0
23458,0
26589,0
12320,0
31385,0
11561,0
104548,0
23639,0
45273,0
83372,0
84800,0
33229,0
114424,0
30377,0
109222,0
35058,0
97563,0
66780,0
106025,0
59516,0
16927,0
87972,0
84764,0
43175,0
10947,0
57901,0
81838,0
133444,0
119267,0
108702,0
21095,0
129217,0
3066,0
51450,0
29706,0
24075,0
94471,0
133946,0
106897,0
89835,0
5586,0
3280,0
128118,0
22190,0
92733,0
130464,0
132659,0
129579,0
125492,0
129373,0
124315,0
22519,0
54359,0
2927,0
34597,0
42517,0
26439,0
33312,0
34864,0
7003,0
57191,0
86515,0
14169,0
82185,0
109207,0
117422,0
55002,0
28593,0
50848,0
20217,0
189,0
18841,0
54130,0
110341,0
36817,0
25711,0
22697,0
35092,0
44305,0
92605,0
35190,0
30305,0
67472,0
40565,0
24734,0
34850,0
102062,0
41423,0
132915,0
28712,0
26698,0
126748,0
21274,0
54267,0
80923,0
14466,0
62415,0
133551,0
11519,0
31320,0
124184,0
78219,0
129663,0
2285,0
71361,0
54367,0
22563,0
34480,0
28845,0
34846,0
7979,0
39376,0
121838,0
231,0
32558,0
126268,0
81438,0
10972,0
76362,0
56072,0
44953,0
7543,0
130251,0
86097,0
102242,0
48825,0
59832,0
97538,0
114505,0
80281,0
36925,0
44211,0
12939,0
112762,0
47890,0
131884,0
25269,0
17622,0
111488,0
30765,0
84289,0
57750,0
22073,0
118787,0
96115,0
70384,0
39966,0
42446,0
111267,0
125562,0
14212,0
127391,0
56903,0
56651,0
34405,0
7287,0
22874,0
55714,0
122959,0
129872,0
20309,0
30766,0
127797,0
59309,0
26752,0
38000,0
46969,0
35029,0
96606,0
29961,0
120007,0
22716,0
1210,0
44439,0
1879,0
48988,0
2301,0
33437,0
101967,0
128697,0
105014,0
21040,0
92157,0
95863,0
31793,0
94594,0
127563,0
42479,0
106308,0
80413,0
65846,0
30907,0
6190,0
124202,0
46234,0
12552,0
129007,0
37569,0
121111,0
21586,0
36083,0
35554,0
58916,0
133095,0
21832,0
30152,0
39903,0
13829,0
7476,0
503,0
36581,0
30700,0
34283,0
37565,0
30517,0
64662,0
122453,0
128724,0
117907,0
51976,0
48493,0
13008,0
64504,0
108870,0
37844,0
129989,0
27772,0
24807,0
132250,0
125792,0
44886,0
7209,0
122011,0
58526,0
59653,0
133015,0
30414,0
116353,0
90844,0
90513,0
54231,0
128653,0
18669,0
111542,0
125232,0
132564,0
3524,0
122342,0
120268,0
69121,0
127857,0
49089,0
131287,0
28106,0
105499,0
41255,0
86019,0
50189,0
126968,0
32848,0
2388,0
3211,0
43279,0
103189,0
13562,0
32083,0
84203,0
80377,0
48347,0
131598,0
127660,0
44963,0
26438,0
130934,0
80937,0
3823,0
86365,0
124095,0
125004,0
53007,0
129933,0
109213,0
41013,0
25041,0
8871,0
70218,0
111947,0
267,0
108746,0
35870,0
27231,0
31474,0
88855,0
21173,0
24793,0
9089,0
88421,0
50248,0
66407,0
109216,0
133525,0
56413,0
30816,0
91335,0
126749,0
18880,0
28063,0
23182,0
106453,0
55876,0
88489,0
130294,0
10098,0
49123,0
57248,0
15038,0
23488,0
132381,0
38273,0
1635,0
30787,0
36074,0
23349,0
19683,0
38925,0
70526,0
15932,0
48596,0
123839,0
56486,0
32144,0
31272,0
18026,0
95302,0
90069,0
9374,0
9119,0
129820,0
34134,0
55123,0
54089,0
128021,0
21935,0
58372,0
81677,0
105711,0
93061,0
6394,0
83553,0
111181,0
41410,0
121372,0
104024,0
123708,0
133682,0
31357,0
63619,0
95577,0
55848,0
130878,0
48476,0
103611,0
53335,0
12290,0
101894,0
25049,0
33947,0
104136,0
74969,0
104316,0
84786,0
2912,0
125249,0
125288,0
43434,0
117574,0
121467,0
105108,0
18186,0
52576,0
17946,0
50019,0
126901,0
123339,0
21549,0
63671,0
68970,0
29981,0
30717,0
131592,0
23596,0
106030,0
48694,0
22176,0
2790,0
37936,0
106183,0
68538,0
125663,0
4655,0
25569,0
133412,0
5530,0
17133,0
20262,0
105268,0
35868,0
37498,0
80318,0
23385,0
99622,0
64219,0
15922,0
132872,0
43041,0
101379,0
38352,0
62049,0
5415,0
56239,0
8918,0
85115,0
99935,0
46984,0
42745,0
131344,0
130812,0
13490,0
64989,0
24719,0
15231,0
100567,0
102936,0
53113,0
6555,0
20363,0
96604,0
129532,0
124986,0
7776,0
8597,0
61883,0
103799,0
41815,0
32626,0
125445,0
126311,0
39883,0
58184,0
111183,0
133238,0
32394,0
20010,0
38367,0
19343,0
100132,0
119912,0
77891,0
134165,0
30303,0
42533,0
87589,0
20113,0
4647,0
9064,0
19678,0
34108,0
28167,0
118498,0
33710,0
94736,0
122493,0
7226,0
133102,0
18330,0
101012,0
124868,0
19913,0
43738,0
131908,0
44104,0
8861,0
3220,0
58098,0
35798,0
59755,0
66,0
52185,0
125595,0
92717,0
45698,0
26840,0
47355,0
11381,0
133179,0
132821,0
6262,0
131648,0
130479,0
16058,0
114115,0
8829,0
92454,0
56650,0
117627,0
110988,0
83943,0
107920,0
131930,0
53186,0
132228,0
17226,0
133189,0
23447,0
32317,0
82000,0
13805,0
121749,0
62457,0
25835,0
85670,0
13744,0
131315,0
122436,0
124038,0
78720,0
42542,0
20405,0
131385,0
130445,0
36974,0
128108,0
36524,0
21995,0
122526,0
112422,0
118121,0
53733,0
56161,0
42563,0
20103,0
9355,0
27186,0
52590,0
45903,0
3947,0
112023,0
61394,0
129060,0
40371,0
27524,0
52331,0
31349,0
64922,0
33948,0
96785,0
40663,0
132476,0
84689,0
32497,0
35435,0
38156,0
47516,0
134135,0
5946,0
133325,0
26139,0
124668,0
132727,0
64532,0
26830,0
50497,0
34764,0
9501,0
6496,0
12764,0
92868,0
29115,0
29144,0
4228,0
81063,0
24506,0
129468,0
3546,0
63218,0
22332,0
79903,0
91612,0
7515,0
129978,0
5892,0
53810,0
24016,0
125527,0
29580,0
52178,0
33441,0
31877,0
90490,0
17434,0
113660,0
77244,0
57927,0
91669,0
93653,0
58096,0
39814,0
8759,0
3456,0
87732,0
89630,0
36783,0
89076,0
14033,0
78400,0
99574,0
14214,0
23954,0
34711,0
45218,0
60511,0
39682,0
104522,0
122973,0
43647,0
11208,0
104454,0
39165,0
102094,0
88849,0
46155,0
23981,0
27204,0
4173,0
124383,0
41933,0
52989,0
19529,0
52315,0
75458,0
5724,0
128727,0
114550,0
28420,0
37684,0
122375,0
120888,0
124903,0
31447,0
127729,0
129348,0
30143,0
71759,0
24413,0
61974,0
50475,0
21366,0
15283,0
43515,0
83686,0
34448,0
58362,0
74736,0
58218,0
109973,0
46482,0
116900,0
123055,0
106215,0
8687,0
52830,0
68494,0
56126,0
19949,0
6681,0
125988,0
47332,0
9384,0
85287,0
1038,0
19390,0
122842,0
54195,0
129313,0
26957,0
14305,0
41212,0
45139,0
97382,0
32488,0
95006,0
42091,0
71055,0
37773,0
23886,0
64141,0
98164,0
46406,0
92608,0
109913,0
109683,0
68406,0
74206,0
105684,0
37035,0
16493,0
56419,0
71554,0
537,0
131857,0
129472,0
64494,0
27610,0
106750,0
25298,0
10111,0
96587,0
23393,0
42811,0
89571,0
51848,0
47216,0
90657,0
31301,0
20384,0
13876,0
109900,0
28658,0
128665,0
66285,0
117965,0
85143,0
18372,0
106482,0
114033,0
24918,0
134067,0
28849,0
47617,0
59452,0
131663,0
132798,0
26571,0
13032,0
14573,0
21458,0
77285,0
5529,0
48120,0
57751,0
19359,0
54594,0
33079,0
36689,0
128092,0
3198,0
38588,0
31687,0
132215,0
39271,0
109136,0
74948,0
5351,0
12862,0
134266,0
47498,0
131275,0
2216,0
54892,0
123807,0
23612,0
13071,0
84997,0
88234,0
41014,0
69462,0
45878,0
126431,0
120616,0
39551,0
127234,0
58591,0
120810,0
16628,0
65149,0
78435,0
58060,0
45328,0
88257,0
103429,0
127362,0
103552,0
13304,0
2971,0
47107,0
99823,0
113586,0
92640,0
55698,0
105678,0
131749,0
79725,0
14585,0
41542,0
131481,0
19998,0
33157,0
111494,0
80367,0
165,0
22267,0
112378,0
66261,0
133746,0
7252,0
24173,0
102963,0
130252,0
130063,0
87070,0
36782,0
73977,0
58547,0
131701,0
129924,0
45889,0
109591,0
40775,0
63937,0
9325,0
46562,0
67122,0
115415,0
50180,0
111615,0
12678,0
123783,0
36840,0
15674,0
42361,0
75686,0
103947,0
87362,0
24120,0
57922,0
96890,0
19872,0
56669,0
47662,0
33776,0
19752,0
122848,0
47812,0
42329,0
30811,0
32028,0
30823,0
21106,0
34167,0
47868,0
123741,0
50041,0
133389,0
2146,0
123105,0
45942,0
18038,0
26917,0
23371,0
1607,0
113048,0
46479,0
57772,0
43107,0
40949,0
120699,0
13976,0
130690,0
73015,0
29411,0
55838,0
21210,0
6412,0
38685,0
61934,0
20934,0
19068,0
2099,0
30297,0
10197,0
5412,0
24021,0
335,0
33550,0
101374,0
28903,0
53924,0
56334,0
112828,0
128439,0
58516,0
5566,0
128920,0
50068,0
130488,0
2208,0
42589,0
37464,0
33513,0
61259,0
23530,0
120584,0
1624,0
18765,0
113349,0
54698,0
102973,0
43951,0
120705,0
47358,0
18249,0
9131,0
116639,0
117317,0
116331,0
104514,0
22375,0
82449,0
132402,0
131267,0
128468,0
47679,0
62223,0
2239,0
130575,0
120815,0
68453,0
45094,0
108345,0
38135,0
56374,0
95017,0
3665,0
16915,0
51938,0
58881,0
54953,0
43654,0
26410,0
22640,0
38511,0
30950,0
59213,0
59940,0
124201,0
51519,0
91502,0
52330,0
22793,0
128033,0
25889,0
11148,0
115299,0
19885,0
41548,0
13833,0
54697,0
13088,0
69587,0
51839,0
129281,0
90527,0
74973,0
38896,0
121172,0
52799,0
131135,0
35669,0
19060,0
15687,0
31420,0
10909,0
42039,0
6634,0
127833,0
122619,0
125452,0
16486,0
90677,0
12508,0
79400,0
1428,0
22769,0
63644,0
66957,0
99414,0
133795,0
29395,0
12187,0
127449,0
13918,0
48625,0
116756,0
52203,0
134237,0
56400,0
2051,0
133079,0
37082,0
19955,0
65716,0
36007,0
74699,0
21969,0
91405,0
58869,0
33412,0
101941,0
133368,0
88771,0
6081,0
51381,0
124811,0
48508,0
129619,0
45737,0
46979,0
5647,0
128308,0
106286,0
51685,0
42566,0
38213,0
56165,0
120459,0
124888,0
85304,0
17970,0
98312,0
13798,0
92525,0
22231,0
32692,0
65116,0
35699,0
79685,0
126466,0
54508,0
29274,0
101614,0
24684,0
129830,0
104448,0
60388,0
11762,0
132870,0
87831,0
131101,0
26205,0
130828,0
37432,0
21802,0
110172,0
14135,0
33417,0
59974,0
9237,0
39873,0
53617,0
131389,0
12284,0
20364,0
128063,0
31740,0
67887,0
122556,0
98927,0
59704,0
74626,0
16002,0
12602,0
29996,0
132329,0
45460,0
41203,0
54127,0
130164,0
75442,0
29897,0
74943,0
20117,0
53389,0
97888,0
63022,0
3184,0
11265,0
23950,0
109978,0
76170,0
4471,0
78134,0
6976,0
131655,0
7398,0
63369,0
18552,0
16116,0
50824,0
11458,0
46183,0
71845,0
114557,0
64229,0
131296,0
65720,0
133311,0
11143,0
11868,0
53465,0
28548,0
86963,0
124106,0
4102,0
106877,0
17400,0
6774,0
57352,0
43998,0
26268,0
128674,0
17869,0
106543,0
124683,0
63117,0
122618,0
32499,0
53187,0
65624,0
134210,0
30888,0
131530,0
41741,0
99123,0
71900,0
131398,0
100386,0
16978,0
24880,0
5140,0
86104,0
87111,0
121079,0
26739,0
130092,0
76708,0
2198,0
127993,0
115699,0
4150,0
23902,0
62053,0
121935,0
1722,0
42819,0
40387,0
54473,0
86250,0
13082,0
48763,0
74813,0
65601,0
19641,0
86259,0
58384,0
83337,0
78636,0
128820,0
97164,0
39213,0
24876,0
82120,0
128939,0
91036,0
92649,0
61096,0
52408,0
23255,0
80065,0
107228,0
83333,0
11514,0
34328,0
8384,0
82749,0
38573,0
67205,0
18951,0
66665,0
45666,0
56532,0
31570,0
57958,0
91377,0
35997,0
62382,0
38129,0
7964,0
25070,0
30351,0
75668,0
66379,0
130067,0
47082,0
106868,0
53195,0
121678,0
112435,0
41470,0
47137,0
40892,0
29420,0
17076,0
132474,0
11054,0
133884,0
134211,0
74668,0
133252,0
1097,0
108474,0
1189,0
132262,0
4026,0
95503,0
132157,0
112215,0
59383,0
36531,0
22504,0
53809,0
61438,0
73563,0
128000,0
70632,0
52019,0
52079,0
22903,0
105090,0
26931,0
38531,0
19603,0
5407,0
60554,0
75387,0
37268,0
48862,0
126676,0
118715,0
81085,0
32715,0
44561,0
61820,0
130425,0
31415,0
24065,0
133068,0
37652,0
129146,0
9760,0
75402,0
73273,0
123422,0
51555,0
13485,0
78940,0
13599,0
7024,0
45992,0
42403,0
104250,0
42991,0
39583,0
29879,0
20287,0
73771,0
34779,0
95104,0
40809,0
23552,0
59056,0
3458,0
72699,0
37224,0
49490,0
33187,0
132184,0
43445,0
129661,0
36200,0
113806,0
19257,0
65560,0
42808,0
36692,0
62756,0
19071,0
59376,0
92912,0
6663,0
43800,0
12761,0
15470,0
133773,0
28437,0
16702,0
12073,0
21721,0
56349,0
128934,0
52760,0
23014,0
113394,0
127287,0
20249,0
43420,0
18888,0
80730,0
116531,0
134074,0
114850,0
132255,0
48905,0
5985,0
7865,0
15091,0
77497,0
130260,0
31977,0
18945,0
129665,0
114856,0
51817,0
38346,0
94819,0
62309,0
12411,0
57924,0
7067,0
125268,0
132293,0
115293,0
90323,0
58031,0
17244,0
50527,0
112802,0
49833,0
19085,0
903,0
131839,0
84957,0
4017,0
109169,0
127619,0
56912,0
110657,0
65525,0
22631,0
134192,0
82024,0
53791,0
134081,0
87417,0
47405,0
41588,0
43691,0
132644,0
21055,0
63920,0
65354,0
114456,0
82922,0
85085,0
18570,0
2186,0
71733,0
1742,0
131946,0
14591,0
36157,0
81304,0
124152,0
125423,0
19908,0
133032,0
18617,0
46157,0
72811,0
22353,0
15989,0
100495,0
51389,0
122904,0
58012,0
112108,0
120601,0
25260,0
71321,0
7320,0
38044,0
128712,0
73724,0
125684,0
128891,0
123828,0
12429,0
48079,0
86971,0
102504,0
70257,0
74105,0
3698,0
31648,0
132745,0
24202,0
55806,0
12407,0
102100,0
63505,0
123613,0
122952,0
49633,0
54627,0
5452,0
128411,0
124429,0
119213,0
6862,0
87517,0
6945,0
23335,0
50894,0
29958,0
31064,0
109734,0
60,0
18629,0
121437,0
48516,0
88203,0
103443,0
31762,0
58354,0
94319,0
13013,0
41792,0
81396,0
51958,0
126318,0
37829,0
66641,0
49383,0
41990,0
18937,0
89676,0
27247,0
130769,0
21190,0
16864,0
129330,0
44524,0
32919,0
18485,0
43860,0
55757,0
23462,0
107038,0
43953,0
37123,0
127780,0
106650,0
7469,0
126728,0
33035,0
9199,0
133663,0
22257,0
29271,0
57856,0
38772,0
17922,0
20015,0
118950,0
122053,0
241,0
35111,0
701,0
22679,0
84022,0
73394,0
30426,0
121636,0
114098,0
7354,0
37146,0
34039,0
12769,0
125571,0
19817,0
133279,0
32725,0
8340,0
4183,0
27316,0
22142,0
56121,0
63177,0
35921,0
108403,0
6097,0
45301,0
76866,0
96217,0
124535,0
40227,0
129481,0
114208,0
132736,0
1096,0
133681,0
61702,0
28060,0
48812,0
18770,0
132829,0
22235,0
71580,0
80607,0
132348,0
42485,0
95633,0
79354,0
39550,0
133520,0
65772,0
27834,0
52088,0
65308,0
14228,0
77185,0
53901,0
132569,0
49554,0
126531,0
66434,0
132286,0
47404,0
21678,0
106953,0
34381,0
41900,0
12130,0
112037,0
30473,0
56875,0
93188,0
31074,0
76150,0
4482,0
14390,0
39641,0
26726,0
98734,0
125394,0
50731,0
120610,0
122356,0
92028,0
131283,0
49608,0
119208,0
45494,0
88529,0
121798,0
47197,0
127598,0
116609,0
18712,0
5645,0
88202,0
134047,0
70924,0
60831,0
10263,0
23817,0
62306,0
2590,0
70097,0
12722,0
126347,0
65623,0
126263,0
131123,0
69755,0
11270,0
4961,0
16129,0
36462,0
127190,0
124522,0
84076,0
45602,0
13035,0
36911,0
78710,0
10603,0
14317,0
94423,0
58832,0
75820,0
72512,0
30545,0
67719,0
30113,0
24378,0
9756,0
907,0
10369,0
132511,0
13075,0
128372,0
133860,0
35989,0
111927,0
95862,0
134120,0
11114,0
119596,0
108241,0
133482,0
96681,0
58308,0
32631,0
32924,0
123685,0
114871,0
13841,0
102414,0
96925,0
39780,0
51202,0
133747,0
17354,0
58644,0
40202,0
123895,0
47215,0
44301,0
6557,0
3096,0
131904,0
58352,0
112529,0
60390,0
72786,0
6462,0
60224,0
131633,0
950,0
132994,0
9767,0
1986,0
114441,0
56381,0
47711,0
34459,0
119475,0
128597,0
48554,0
77466,0
25339,0
20685,0
22155,0
31453,0
34736,0
42827,0
55912,0
39250,0
20544,0
33603,0
105109,0
36545,0
132533,0
12785,0
37697,0
121315,0
30257,0
78723,0
51166,0
133131,0
102539,0
130221,0
97540,0
77828,0
33313,0
73630,0
133498,0
31529,0
122268,0
35005,0
129024,0
28133,0
90011,0
9847,0
133772,0
68373,0
130998,0
13769,0
27769,0
105146,0
101360,0
59182,0
20899,0
127777,0
130548,0
55704,0
97076,0
9850,0
51343,0
58210,0
52363,0
6926,0
6511,0
2875,0
126257,0
71670,0
127253,0
48983,0
94896,0
21567,0
105704,0
35445,0
57152,0
23209,0
33829,0
27840,0
1007,0
114805,0
133130,0
121404,0
52613,0
91065,0
95314,0
50640,0
92338,0
35957,0
42777,0
114585,0
69356,0
125620,0
87558,0
24062,0
94154,0
32760,0
89527,0
102789,0
124178,0
22688,0
125667,0
48555,0
41663,0
10399,0
11366,0
67959,0
19665,0
116694,0
25839,0
83747,0
106631,0
131658,0
132404,0
59885,0
8312,0
98469,0
10833,0
33132,0
131184,0
18271,0
38727,0
50409,0
11864,0
68031,0
89083,0
83946,0
819,0
90075,0
79994,0
127769,0
49449,0
78310,0
62218,0
123745,0
129058,0
31955,0
49078,0
38885,0
103450,0
133730,0
71021,0
63420,0
60023,0
36582,0
109266,0
8608,0
130938,0
14146,0
41995,0
134006,0
36759,0
129545,0
8042,0
126641,0
7489,0
33071,0
36698,0
1839,0
42856,0
49863,0
22664,0
27938,0
52321,0
120818,0
76283,0
129847,0
59132,0
84732,0
12983,0
39544,0
128515,0
19056,0
59076,0
97427,0
69318,0
40127,0
114976,0
45112,0
58780,0
125909,0
69360,0
89552,0
116853,0
30029,0
975,0
107903,0
37465,0
32612,0
19601,0
45482,0
132432,0
40327,0
16611,0
47340,0
108744,0
58337,0
23775,0
14392,0
46201,0
24185,0
58511,0
128370,0
104101,0
77632,0
129294,0
124946,0
117615,0
130082,0
5072,0
19014,0
131482,0
45800,0
24846,0
118547,0
71534,0
201,0
41195,0
29389,0
24392,0
38439,0
16059,0
134185,0
305,0
13257,0
129881,0
101883,0
128817,0
108767,0
2080,0
11083,0
34960,0
127754,0
103101,0
24927,0
133601,0
8178,0
101661,0
101972,0
26770,0
22098,0
122599,0
131352,0
31334,0
36167,0
6743,0
51662,0
5996,0
120229,0
90770,0
130779,0
85124,0
55823,0
83900,0
106978,0
36141,0
54334,0
91138,0
90997,0
33089,0
74208,0
33787,0
126624,0
131430,0
54700,0
71019,0
53451,0
14445,0
74527,0
62072,0
42694,0
46573,0
30307,0
82408,0
38184,0
107145,0
74197,0
103000,0
20153,0
9856,0
56075,0
46747,0
126931,0
122162,0
62206,0
91986,0
111018,0
18199,0
124491,0
130876,0
15638,0
31821,0
6332,0
78018,0
55494,0
30109,0
125496,0
24545,0
51665,0
79648,0
57246,0
110742,0
126349,0
132310,0
21770,0
8691,0
54096,0
2180,0
3982,0
14582,0
102820,0
68555,0
131308,0
34297,0
23192,0
87679,0
132921,0
118902,0
87532,0
18107,0
132586,0
6253,0
20289,0
132371,0
94543,0
8077,0
48449,0
95496,0
56187,0
100843,0
2326,0
79887,0
40211,0
97325,0
67396,0
66669,0
3127,0
123188,0
69215,0
50182,0
99043,0
26886,0
98859,0
2075,0
38431,0
35108,0
132378,0
60194,0
43922,0
19902,0
85596,0
37038,0
128478,0
126905,0
129594,0
102181,0
133677,0
13955,0
112393,0
41193,0
8195,0
71203,0
1385,0
128516,0
77433,0
4073,0
25214,0
48907,0
90429,0
18970,0
18470,0
84072,0
45927,0
32159,0
58431,0
121162,0
53406,0
47316,0
56690,0
45789,0
61479,0
128650,0
39083,0
90932,0
115543,0
104253,0
43082,0
127651,0
128501,0
39738,0
1766,0
128319,0
14401,0
49843,0
63951,0
117564,0
43331,0
122242,0
15623,0
30281,0
94593,0
26609,0
27063,0
112212,0
60333,0
39759,0
46013,0
6910,0
118593,0
123628,0
110194,0
96000,0
12088,0
10628,0
59016,0
25500,0
110599,0
8908,0
36673,0
23559,0
899,0
66098,0
55522,0
53319,0
58562,0
20469,0
69366,0
17021,0
5263,0
117187,0
128327,0
22101,0
7045,0
84775,0
130729,0
28529,0
124557,0
59685,0
55097,0
84309,0
42145,0
132828,0
30802,0
65231,0
9899,0
21772,0
104017,0
5712,0
39844,0
10694,0
26048,0
27955,0
74836,0
52796,0
130286,0
80130,0
16957,0
6968,0
5549,0
106859,0
25345,0
77665,0
127426,0
29927,0
75191,0
133002,0
130925,0
123106,0
10201,0
23451,0
132168,0
45239,0
21925,0
131599,0
53495,0
111467,0
115757,0
132807,0
31302,0
11462,0
121483,0
12646,0
51989,0
29260,0
52154,0
53031,0
19543,0
123452,0
25696,0
27615,0
133846,0
8578,0
119148,0
113899,0
113530,0
69393,0
126523,0
25563,0
30081,0
119955,0
26625,0
88159,0
117202,0
37184,0
1025,0
128275,0
112269,0
82229,0
44905,0
128510,0
77918,0
11175,0
18894,0
33887,0
196,0
2666,0
130333,0
36353,0
10802,0
9317,0
36185,0
60170,0
93687,0
17583,0
4608,0
28267,0
123163,0
1668,0
121114,0
10860,0
7333,0
98655,0
10271,0
79610,0
37784,0
24902,0
2988,0
91876,0
48217,0
40038,0
37742,0
6378,0
132285,0
56180,0
6601,0
72056,0
79355,0
56344,0
69631,0
36579,0
20362,0
44327,0
41269,0
27096,0
22914,0
54062,0
16678,0
16239,0
41971,0
108567,0
16402,0
14098,0
1197,0
41141,0
79458,0
123997,0
17565,0
8004,0
22396,0
25180,0
46214,0
32881,0
75970,0
11218,0
4616,0
14605,0
130107,0
55279,0
5320,0
44108,0
46299,0
58396,0
133594,0
54845,0
129809,0
15489,0
29995,0
132158,0
3552,0
56529,0
78894,0
37118,0
130119,0
130381,0
70739,0
55657,0
60285,0
115275,0
22729,0
41065,0
79266,0
79471,0
35569,0
13675,0
56736,0
95675,0
16238,0
55395,0
61721,0
92214,0
39110,0
13286,0
129261,0
79408,0
126072,0
62008,0
32073,0
118406,0
87535,0
22469,0
29871,0
127850,0
120020,0
73303,0
11663,0
128941,0
79353,0
35775,0
129455,0
54105,0
54153,0
49693,0
131021,0
35362,0
30003,0
87533,0
30037,0
126356,0
31409,0
131,0
96901,0
8410,0
88442,0
56869,0
49791,0
50538,0
22480,0
105699,0
20975,0
17934,0
67935,0
133348,0
15708,0
127644,0
9472,0
128430,0
132135,0
133174,0
69134,0
13578,0
26657,0
94305,0
436,0
117669,0
46822,0
9914,0
114342,0
35354,0
103056,0
27516,0
21438,0
21318,0
69036,0
124904,0
68124,0
49881,0
52131,0
95967,0
68407,0
12682,0
48458,0
9162,0
29254,0
40928,0
19493,0
6417,0
47368,0
8946,0
14885,0
56621,0
124433,0
14354,0
46478,0
97238,0
132349,0
38038,0
134183,0
45439,0
12945,0
30917,0
106856,0
22245,0
6638,0
120676,0
111634,0
129286,0
25485,0
106523,0
117901,0
30988,0
5775,0
132243,0
36320,0
20075,0
83251,0
128886,0
4630,0
15946,0
37793,0
55996,0
97374,0
42716,0
59125,0
6983,0
124222,0
15000,0
55880,0
132116,0
27301,0
101265,0
3161,0
7115,0
69868,0
55798,0
22937,0
127665,0
37672,0
134035,0
48391,0
91780,0
24796,0
96788,0
21174,0
28029,0
14368,0
128786,0
6042,0
22421,0
2997,0
8760,0
114102,0
118087,0
9773,0
94174,0
60326,0
96729,0
86083,0
72858,0
123313,0
55243,0
123039,0
34024,0
54107,0
39288,0
62553,0
87902,0
48911,0
37182,0
124276,0
90346,0
70808,0
43075,0
107369,0
125463,0
112380,0
27487,0
122171,0
39390,0
57348,0
27996,0
126522,0
33177,0
128621,0
60524,0
116115,0
69828,0
30648,0
76216,0
47539,0
124731,0
40484,0
66876,0
55854,0
2597,0
80219,0
22764,0
128629,0
90472,0
40832,0
42476,0
34318,0
84673,0
52270,0
48433,0
37868,0
43425,0
12688,0
12931,0
27904,0
100034,0
6987,0
51738,0
67471,0
123884,0
37841,0
52563,0
130331,0
10599,0
31394,0
76791,0
44340,0
122116,0
91466,0
59981,0
129230,0
1475,0
3011,0
39228,0
128869,0
48390,0
133159,0
90944,0
60804,0
9402,0
55580,0
116943,0
121021,0
129340,0
129089,0
56485,0
113230,0
14896,0
23126,0
35871,0
116387,0
127960,0
38595,0
128300,0
130446,0
123920,0
96080,0
14737,0
12675,0
91090,0
34433,0
51372,0
112432,0
107116,0
45991,0
132206,0
128280,0
70597,0
111105,0
122780,0
9520,0
10296,0
6073,0
4088,0
11130,0
59871,0
62691,0
24805,0
48580,0
114216,0
12239,0
14825,0
65104,0
118838,0
99129,0
115034,0
26111,0
97870,0
110038,0
124515,0
97279,0
53511,0
25804,0
102144,0
115079,0
95221,0
18886,0
75263,0
61227,0
4859,0
53306,0
128484,0
9491,0
130022,0
114626,0
115177,0
80089,0
100507,0
29313,0
23741,0
104596,0
46678,0
29783,0
124357,0
36010,0
57476,0
46451,0
18618,0
62449,0
65722,0
123263,0
32262,0
131647,0
78555,0
56685,0
128953,0
88472,0
56191,0
93274,0
56202,0
7217,0
76381,0
56294,0
32908,0
31622,0
31997,0
9621,0
28746,0
9696,0
131991,0
20098,0
34499,0
124748,0
34766,0
132755,0
121323,0
87709,0
50289,0
119787,0
97229,0
43773,0
96766,0
129193,0
27856,0
22750,0
124358,0
102395,0
6553,0
16852,0
26982,0
52100,0
46701,0
2330,0
6545,0
3281,0
23495,0
106449,0
47131,0
127327,0
3585,0
121915,0
93964,0
5634,0
48796,0
49869,0
79734,0
13238,0
105793,0
14321,0
106349,0
86903,0
26479,0
77253,0
8885,0
80409,0
12655,0
11471,0
128695,0
133570,0
36728,0
45192,0
39671,0
101301,0
113805,0
124577,0
63905,0
129639,0
15916,0
51154,0
72867,0
115120,0
50477,0
15211,0
36495,0
23558,0
120557,0
82774,0
48890,0
126122,0
130533,0
133056,0
124715,0
3825,0
42466,0
54415,0
105552,0
10436,0
61740,0
132964,0
526,0
35282,0
105324,0
22722,0
81641,0
23187,0
43270,0
30453,0
8295,0
3323,0
102427,0
36208,0
38966,0
16372,0
35135,0
75763,0
73669,0
89353,0
119458,0
614,0
102599,0
120545,0
61070,0
16544,0
43272,0
23735,0
2457,0
107121,0
20140,0
60726,0
25612,0
86311,0
64379,0
121151,0
31039,0
49292,0
86719,0
8163,0
19734,0
34460,0
36643,0
97916,0
81524,0
59876,0
103298,0
19517,0
92747,0
132541,0
88896,0
15903,0
13755,0
22321,0
3382,0
32628,0
78159,0
121958,0
106830,0
14813,0
123107,0
65820,0
22755,0
49936,0
93466,0
17732,0
29281,0
55976,0
52610,0
133263,0
68446,0
73312,0
6138,0
40977,0
43700,0
11650,0
110606,0
3459,0
132203,0
117672,0
83476,0
130805,0
27395,0
8875,0
95624,0
113667,0
40804,0
127705,0
42785,0
56639,0
48956,0
80278,0
32912,0
57166,0
31488,0
132886,0
52099,0
1690,0
108723,0
39807,0
8086,0
93865,0
6424,0
25920,0
54142,0
20290,0
35954,0
75598,0
106887,0
130049,0
10907,0
133441,0
108275,0
30593,0
131500,0
128390,0
29548,0
18893,0
35818,0
35165,0
61419,0
110942,0
57209,0
116828,0
39693,0
36970,0
96591,0
50428,0
25182,0
56893,0
11557,0
29400,0
41490,0
133509,0
133876,0
12096,0
26554,0
40542,0
23190,0
4420,0
85753,0
64768,0
134117,0
70890,0
27156,0
105183,0
128059,0
86445,0
58428,0
51117,0
122812,0
33977,0
121087,0
100714,0
10803,0
10739,0
26469,0
8211,0
116046,0
689,0
7783,0
131782,0
122963,0
38945,0
108644,0
130928,0
10053,0
103529,0
54532,0
23626,0
22175,0
51530,0
1956,0
117195,0
96447,0
120429,0
87825,0
59549,0
129467,0
102869,0
1493,0
129901,0
5964,0
6843,0
45243,0
133775,0
123540,0
51167,0
25243,0
12471,0
96452,0
75205,0
82975,0
3027,0
124960,0
30754,0
15034,0
114014,0
2902,0
112189,0
128134,0
102495,0
8947,0
36491,0
73516,0
53047,0
56163,0
98268,0
17488,0
24064,0
14796,0
132878,0
128404,0
88160,0
37355,0
468,0
53363,0
88622,0
60241,0
97519,0
130098,0
28693,0
5599,0
39518,0
14958,0
127748,0
114901,0
75715,0
48473,0
10200,0
88002,0
121642,0
115878,0
30638,0
40310,0
68356,0
41745,0
76939,0
18471,0
111216,0
18984,0
23993,0
71066,0
93127,0
123081,0
9193,0
51931,0
99712,0
72383,0
60582,0
65172,0
107078,0
23938,0
25279,0
44335,0
94432,0
6296,0
7467,0
54281,0
129788,0
123651,0
91430,0
17214,0
53096,0
34215,0
13659,0
96694,0
63582,0
101499,0
8145,0
58979,0
92871,0
127787,0
134190,0
128291,0
52370,0
44344,0
122633,0
16720,0
10740,0
13001,0
127982,0
104158,0
24890,0
132072,0
53514,0
55220,0
32758,0
72158,0
4427,0
57049,0
14489,0
75803,0
25758,0
57666,0
121690,0
104284,0
85371,0
63838,0
73709,0
111611,0
57556,0
120391,0
9808,0
106970,0
113780,0
25233,0
71852,0
6732,0
119606,0
64482,0
39686,0
51007,0
92794,0
132123,0
44334,0
104052,0
48906,0
130973,0
55999,0
29691,0
37374,0
22377,0
12181,0
92324,0
120181,0
43750,0
48708,0
108707,0
33994,0
129646,0
73327,0
12545,0
48504,0
34555,0
19386,0
28258,0
19524,0
127232,0
37596,0
11186,0
51904,0
103585,0
8623,0
1094,0
124543,0
55750,0
107346,0
95018,0
132519,0
62067,0
55716,0
22232,0
127231,0
100058,0
3968,0
40968,0
127746,0
129392,0
115704,0
20507,0
34231,0
107810,0
114304,0
1739,0
54037,0
104167,0
98287,0
120513,0
25250,0
14399,0
114702,0
86038,0
118236,0
44620,0
5384,0
17688,0
52068,0
26187,0
105629,0
117373,0
63538,0
61446,0
25912,0
31330,0
12287,0
108897,0
22952,0
124838,0
65608,0
58127,0
14314,0
114715,0
14819,0
3497,0
47696,0
32445,0
56564,0
40541,0
53184,0
53661,0
49553,0
112591,0
29636,0
2792,0
14666,0
51981,0
65577,0
86219,0
89284,0
95206,0
125082,0
20159,0
3402,0
79327,0
37564,0
40525,0
73247,0
13321,0
80967,0
122211,0
124155,0
10753,0
117923,0
105153,0
109110,0
43493,0
110011,0
91082,0
127453,0
128555,0
64900,0
9681,0
36488,0
100494,0
126429,0
27878,0
12259,0
49357,0
57929,0
68519,0
121153,0
55419,0
22481,0
50548,0
85226,0
36954,0
91659,0
17209,0
80129,0
132058,0
44145,0
54389,0
33802,0
94579,0
95215,0
68414,0
38507,0
30662,0
492,0
134140,0
128575,0
40014,0
24672,0
123593,0
25514,0
96634,0
127492,0
132789,0
59737,0
26253,0
63318,0
37473,0
59082,0
122656,0
52813,0
18275,0
93043,0
18162,0
130735,0
25884,0
8484,0
64403,0
97567,0
18659,0
127260,0
47320,0
40555,0
42165,0
123486,0
119766,0
79435,0
20452,0
2538,0
12246,0
70519,0
10232,0
32624,0
27806,0
130793,0
104113,0
122533,0
111792,0
133244,0
8482,0
118944,0
120904,0
35161,0
40281,0
123420,0
30982,0
37718,0
8031,0
39782,0
32999,0
44991,0
29535,0
106872,0
45521,0
24644,0
64474,0
17512,0
87500,0
50843,0
74319,0
106476,0
36006,0
117683,0
37111,0
51005,0
2160,0
125566,0
114260,0
31141,0
3018,0
130850,0
19966,0
85386,0
2136,0
134240,0
93295,0
131439,0
93806,0
4211,0
113,0
133023,0
52345,0
106620,0
43692,0
85152,0
36410,0
132161,0
131974,0
77937,0
3936,0
122184,0
54041,0
72306,0
108778,0
132647,0
131733,0
123767,0
131006,0
67906,0
106162,0
5223,0
41795,0
1532,0
10957,0
43323,0
131540,0
47394,0
55872,0
13154,0
6702,0
10272,0
79649,0
119059,0
131561,0
20135,0
49021,0
23322,0
56941,0
45135,0
40813,0
127940,0
96149,0
13499,0
106844,0
64906,0
3240,0
66464,0
130863,0
59096,0
40101,0
121576,0
78044,0
89131,0
51426,0
105293,0
46185,0
128973,0
24663,0
129083,0
115593,0
36703,0
92039,0
15369,0
40247,0
83745,0
20163,0
56457,0
12752,0
3258,0
127417,0
37821,0
53860,0
32918,0
38254,0
30665,0
24275,0
133937,0
111703,0
106895,0
15408,0
35281,0
128355,0
132658,0
6026,0
45799,0
116683,0
38723,0
49731,0
2806,0
86288,0
46076,0
99069,0
12652,0
53874,0
30471,0
77238,0
78164,0
99576,0
101620,0
119073,0
130521,0
4750,0
88146,0
71807,0
27324,0
72146,0
25475,0
9921,0
29725,0
20766,0
17590,0
52210,0
95957,0
118743,0
130131,0
19499,0
15665,0
73640,0
68135,0
12106,0
115283,0
69719,0
131041,0
117285,0
26696,0
18763,0
19595,0
7898,0
53344,0
55264,0
11016,0
70120,0
131629,0
58828,0
123850,0
21778,0
131118,0
91002,0
62168,0
7035,0
119375,0
120470,0
11017,0
123669,0
30634,0
20281,0
74992,0
23208,0
132317,0
81691,0
130768,0
14158,0
77783,0
79289,0
52762,0
21977,0
103024,0
22761,0
41280,0
8505,0
34680,0
47654,0
8616,0
68748,0
7255,0
30468,0
14898,0
41118,0
110070,0
36639,0
61453,0
13730,0
51801,0
110002,0
125164,0
131485,0
57588,0
5680,0
4838,0
83726,0
108596,0
27292,0
1195,0
10341,0
23649,0
52111,0
20847,0
63864,0
44037,0
125856,0
29757,0
25877,0
53989,0
91164,0
9973,0
118924,0
48836,0
51515,0
63492,0
103457,0
58782,0
115666,0
34801,0
111828,0
123354,0
115072,0
55943,0
125810,0
106980,0
35267,0
44653,0
52212,0
45819,0
113063,0
129424,0
33318,0
3101,0
130913,0
129056,0
86148,0
130547,0
21986,0
65898,0
20811,0
68165,0
7397,0
20678,0
8423,0
16299,0
71046,0
82681,0
44661,0
26192,0
65441,0
121120,0
29641,0
7194,0
38954,0
104472,0
387,0
6490,0
16634,0
80063,0
29846,0
77690,0
79797,0
7234,0
42193,0
17994,0
64184,0
32487,0
118822,0
41385,0
59462,0
4592,0
26321,0
78449,0
17207,0
5932,0
2550,0
85379,0
96588,0
8198,0
129564,0
130078,0
63967,0
77952,0
125542,0
15788,0
119810,0
34754,0
14347,0
7864,0
33162,0
50803,0
19675,0
61000,0
121225,0
22617,0
25559,0
84085,0
38893,0
104044,0
37246,0
40762,0
129678,0
58519,0
96920,0
50352,0
93380,0
2165,0
132537,0
25106,0
30372,0
34841,0
54628,0
121548,0
31397,0
40532,0
76561,0
56590,0
34702,0
122096,0
66232,0
1611,0
70173,0
41459,0
30940,0
73051,0
112382,0
55618,0
127789,0
9314,0
122209,0
119633,0
114099,0
132681,0
9038,0
4284,0
68688,0
1330,0
122281,0
10679,0
21006,0
66300,0
38071,0
100112,0
33544,0
58491,0
88042,0
8770,0
31504,0
58689,0
129675,0
17426,0
19150,0
43588,0
131669,0
100341,0
14133,0
113226,0
83035,0
122737,0
76472,0
40082,0
44721,0
23917,0
25262,0
7343,0
62139,0
11688,0
126424,0
35293,0
30505,0
19971,0
35745,0
115105,0
3931,0
120615,0
20832,0
132090,0
9932,0
48199,0
2846,0
131765,0
24957,0
2305,0
7766,0
1228,0
101523,0
119467,0
5557,0
1725,0
35548,0
69037,0
97915,0
94877,0
73935,0
5592,0
51460,0
72872,0
114435,0
121965,0
19963,0
66756,0
7564,0
118856,0
132254,0
43399,0
120072,0
20585,0
24152,0
113550,0
129611,0
101290,0
1863,0
1991,0
37086,0
21352,0
4149,0
58492,0
65726,0
133847,0
1762,0
129078,0
67750,0
47796,0
65794,0
9354,0
44011,0
133453,0
125689,0
16341,0
79554,0
43263,0
46749,0
88862,0
89365,0
58844,0
56574,0
24850,0
21058,0
129029,0
124249,0
34945,0
53282,0
66518,0
31384,0
72862,0
120001,0
82306,0
81481,0
19319,0
130685,0
128436,0
132694,0
43037,0
62696,0
82226,0
74388,0
38895,0
94300,0
126710,0
115361,0
39347,0
23341,0
124089,0
18778,0
123794,0
18974,0
80495,0
27339,0
134205,0
119457,0
130884,0
42975,0
36920,0
131186,0
18925,0
4,0
3519,0
17114,0
124737,0
120202,0
79314,0
1750,0
35853,0
32440,0
84538,0
6273,0
52991,0
13181,0
49870,0
51478,0
95220,0
125400,0
40701,0
50235,0
8272,0
28557,0
127814,0
91783,0
65841,0
54676,0
12354,0
92250,0
69385,0
112833,0
87387,0
4293,0
42689,0
100512,0
54642,0
59772,0
20108,0
4389,0
98200,0
61573,0
29314,0
128212,0
59625,0
129942,0
56726,0
103796,0
429,0
103118,0
10869,0
86133,0
48367,0
119850,0
133717,0
34916,0
95404,0
88347,0
90937,0
132982,0
105586,0
17439,0
66762,0
31532,0
112721,0
88124,0
46804,0
124345,0
128755,0
7655,0
45599,0
20201,0
125380,0
23767,0
27786,0
36711,0
107528,0
53829,0
12500,0
123729,0
20666,0
29243,0
7139,0
106817,0
125036,0
101304,0
31641,0
131814,0
62627,0
16333,0
22238,0
46079,0
127205,0
25899,0
130818,0
45806,0
84155,0
27371,0
11319,0
26073,0
130578,0
124759,0
11062,0
51295,0
12874,0
628,0
6923,0
6754,0
29310,0
79372,0
7037,0
88554,0
119645,0
50042,0
24031,0
1605,0
10266,0
51820,0
7664,0
90799,0
2269,0
132347,0
28179,0
44572,0
129659,0
23523,0
88307,0
125065,0
29681,0
38120,0
123814,0
20184,0
78077,0
55696,0
44191,0
46843,0
40160,0
45686,0
124006,0
18647,0
66139,0
101029,0
31626,0
116202,0
46344,0
133726,0
82639,0
37358,0
127543,0
19731,0
89939,0
28991,0
18226,0
29936,0
44666,0
15392,0
109100,0
120472,0
42888,0
56801,0
17362,0
38032,0
86985,0
32472,0
28462,0
28866,0
11732,0
37691,0
132043,0
7480,0
54966,0
7828,0
56900,0
116169,0
55816,0
57356,0
38566,0
3863,0
11429,0
1838,0
99923,0
115741,0
69185,0
6128,0
11580,0
74217,0
99022,0
24445,0
12168,0
65657,0
11902,0
11924,0
5646,0
10247,0
18312,0
133627,0
96705,0
63612,0
30172,0
109033,0
7258,0
56476,0
1436,0
4004,0
19344,0
72317,0
25324,0
68216,0
130808,0
132470,0
122694,0
124110,0
65737,0
92129,0
40343,0
17761,0
97510,0
105822,0
39727,0
88953,0
45361,0
27934,0
101445,0
85810,0
129652,0
1625,0
52277,0
129935,0
36496,0
16425,0
82907,0
84319,0
89250,0
54504,0
39714,0
22226,0
122651,0
54652,0
2625,0
48894,0
52533,0
34594,0
35226,0
30001,0
19531,0
1844,0
96233,0
35859,0
62235,0
111907,0
36474,0
53326,0
27764,0
72466,0
130420,0
123852,0
24688,0
34277,0
68992,0
96539,0
17572,0
128936,0
26058,0
22362,0
71829,0
25583,0
130266,0
127631,0
133374,0
67595,0
55517,0
28188,0
133322,0
9712,0
13234,0
34575,0
49799,0
34946,0
15888,0
43958,0
69952,0
107227,0
129406,0
51898,0
80045,0
41331,0
49657,0
4009,0
47407,0
18663,0
107590,0
96507,0
29649,0
128769,0
102456,0
8275,0
59066,0
133974,0
7179,0
27780,0
34678,0
15544,0
116680,0
14708,0
15962,0
115873,0
50053,0
89358,0
83992,0
132238,0
91112,0
65677,0
4032,0
134259,0
20642,0
33182,0
66958,0
64053,0
12278,0
58324,0
110976,0
50160,0
36044,0
39064,0
112360,0
42050,0
30770,0
13400,0
12019,0
70746,0
49520,0
6775,0
128922,0
26407,0
34350,0
31294,0
32483,0
41066,0
11756,0
4765,0
94097,0
26909,0
123201,0
7620,0
131507,0
36946,0
94467,0
131261,0
27823,0
56364,0
109585,0
102770,0
24774,0
67643,0
130676,0
72531,0
65695,0
84864,0
115740,0
98771,0
3455,0
68023,0
50391,0
44055,0
134123,0
27448,0
130897,0
127125,0
3290,0
38485,0
73250,0
56642,0
116994,0
53183,0
101801,0
40631,0
48218,0
52352,0
26697,0
43630,0
21132,0
35181,0
96351,0
125357,0
16920,0
78088,0
69749,0
13725,0
7049,0
18517,0
38791,0
51428,0
93107,0
56353,0
31856,0
18126,0
55904,0
75538,0
21394,0
102375,0
90534,0
12044,0
58263,0
44566,0
10871,0
102701,0
130927,0
123559,0
88649,0
111632,0
132191,0
27553,0
133545,0
11828,0
41731,0
34553,0
72607,0
39115,0
34185,0
23328,0
7495,0
126806,0
16286,0
46400,0
37874,0
23991,0
134279,0
85188,0
134262,0
116428,0
63402,0
23653,0
54151,0
64368,0
120906,0
102294,0
113875,0
66718,0
133345,0
6069,0
26383,0
57144,0
41709,0
49685,0
109139,0
107397,0
130229,0
118878,0
123541,0
80466,0
131351,0
102289,0
7432,0
21710,0
3650,0
34124,0
6637,0
2331,0
132855,0
18200,0
44611,0
89960,0
45748,0
109731,0
74974,0
111343,0
18163,0
82501,0
129685,0
133814,0
6841,0
8709,0
15290,0
8173,0
54931,0
18281,0
22100,0
128294,0
5703,0
28893,0
31055,0
13359,0
131058,0
20792,0
23115,0
133254,0
6388,0
58808,0
54137,0
13473,0
41000,0
128770,0
3229,0
44537,0
98770,0
64210,0
14026,0
25649,0
36774,0
102039,0
116503,0
108420,0
110451,0
36411,0
103143,0
16705,0
95683,0
131198,0
123023,0
45564,0
54558,0
12660,0
23914,0
28765,0
126115,0
58597,0
123944,0
100856,0
124019,0
115450,0
83852,0
6721,0
34018,0
47260,0
86790,0
5037,0
54147,0
59282,0
80398,0
120343,0
53259,0
37188,0
132984,0
119668,0
26184,0
45402,0
26207,0
48531,0
128036,0
98342,0
56911,0
107143,0
134119,0
106001,0
117112,0
31716,0
70910,0
79464,0
127159,0
19157,0
19151,0
79437,0
8153,0
29131,0
54612,0
34497,0
32126,0
35937,0
126402,0
62562,0
128427,0
16597,0
1830,0
28508,0
131235,0
11214,0
60012,0
19110,0
86299,0
8607,0
133192,0
41894,0
64561,0
38976,0
38770,0
112535,0
55691,0
34638,0
3879,0
12223,0
102329,0
54885,0
64883,0
19188,0
9057,0
33691,0
19220,0
18861,0
42965,0
130085,0
92342,0
25570,0
128089,0
70587,0
22349,0
42141,0
93571,0
112849,0
4509,0
12697,0
43049,0
40342,0
3001,0
28900,0
24349,0
41729,0
37105,0
126156,0
10401,0
40528,0
51212,0
38737,0
58150,0
37619,0
106694,0
128182,0
78108,0
29944,0
3427,0
66085,0
119369,0
63583,0
30191,0
8292,0
126988,0
27920,0
31036,0
133939,0
3114,0
66636,0
31862,0
9783,0
74028,0
2715,0
116364,0
61389,0
125598,0
33310,0
66006,0
118969,0
2260,0
60112,0
80874,0
29569,0
37053,0
127761,0
98587,0
124835,0
31842,0
3371,0
26341,0
55979,0
61554,0
50322,0
73071,0
24338,0
129271,0
68429,0
28957,0
30153,0
110279,0
25199,0
84217,0
19932,0
39924,0
113972,0
27933,0
129486,0
7094,0
133778,0
17203,0
127578,0
109056,0
47584,0
27137,0
117900,0
37883,0
130062,0
131281,0
70252,0
129153,0
67896,0
14873,0
110159,0
131951,0
63260,0
113448,0
103898,0
53672,0
27585,0
53666,0
121461,0
43757,0
120285,0
6420,0
128249,0
59152,0
46733,0
133355,0
44116,0
3780,0
112473,0
23256,0
25098,0
16453,0
130190,0
65017,0
85363,0
29705,0
4712,0
37770,0
27677,0
31710,0
106990,0
129647,0
129687,0
125913,0
28751,0
87518,0
53720,0
73326,0
122578,0
98237,0
127284,0
72339,0
128663,0
133328,0
12524,0
111548,0
134277,0
125425,0
81603,0
10687,0
49410,0
36859,0
15673,0
43192,0
106647,0
1067,0
43105,0
85538,0
51855,0
53582,0
47689,0
61768,0
115047,0
8444,0
101522,0
85069,0
64236,0
130967,0
77112,0
90981,0
34640,0
5034,0
35053,0
123649,0
33015,0
82556,0
132237,0
130911,0
43983,0
57452,0
26523,0
45086,0
1888,0
14646,0
19956,0
73075,0
42020,0
1426,0
86608,0
86467,0
4316,0
56455,0
119882,0
90917,0
130298,0
23602,0
75028,0
114096,0
123426,0
5958,0
126220,0
24589,0
127624,0
40549,0
7651,0
101324,0
122175,0
52324,0
99962,0
128201,0
38665,0
101272,0
132358,0
133948,0
19749,0
131614,0
149,0
29079,0
80997,0
13378,0
115520,0
90661,0
18676,0
121113,0
938,0
27710,0
67841,0
32689,0
84638,0
46586,0
131390,0
33257,0
75724,0
76252,0
58982,0
22735,0
34166,0
111067,0
133626,0
32802,0
2738,0
70803,0
54747,0
1666,0
36885,0
27165,0
33485,0
16014,0
128403,0
59196,0
45681,0
87249,0
30511,0
49034,0
3339,0
133978,0
20530,0
132868,0
3274,0
125224,0
133720,0
47380,0
105561,0
39436,0
47653,0
46258,0
77560,0
87796,0
25665,0
34768,0
53651,0
25380,0
23803,0
46575,0
1461,0
49890,0
7164,0
123215,0
60911,0
48315,0
33236,0
23916,0
47756,0
124871,0
52249,0
97770,0
118691,0
59154,0
122841,0
39095,0
23905,0
46226,0
72386,0
133083,0
3466,0
60565,0
117053,0
96110,0
43741,0
7525,0
18627,0
128285,0
120054,0
111645,0
132503,0
50370,0
86764,0
54179,0
68005,0
124844,0
18606,0
51538,0
30999,0
2248,0
54270,0
103723,0
132036,0
35102,0
46943,0
101592,0
16075,0
105035,0
51093,0
133530,0
39235,0
96134,0
4271,0
4759,0
6172,0
71967,0
48384,0
3676,0
34922,0
685,0
35912,0
132629,0
74593,0
121533,0
132653,0
43932,0
134113,0
115089,0
17088,0
27552,0
97113,0
11404,0
81125,0
113512,0
110333,0
132734,0
23419,0
125910,0
115356,0
86942,0
95770,0
117057,0
33638,0
121415,0
9288,0
54018,0
70987,0
43747,0
80853,0
87184,0
2169,0
116969,0
94933,0
115247,0
6132,0
52248,0
40715,0
23144,0
131825,0
131716,0
122363,0
12995,0
101006,0
113693,0
44680,0
1951,0
41513,0
96566,0
133185,0
36494,0
127353,0
52165,0
132723,0
116454,0
40908,0
107377,0
61681,0
21263,0
84392,0
91076,0
4108,0
54047,0
133867,0
14653,0
97404,0
131586,0
6697,0
17283,0
90734,0
21044,0
52046,0
5781,0
77951,0
121926,0
108208,0
29440,0
64383,0
124091,0
93070,0
91004,0
106754,0
49131,0
25862,0
89714,0
95732,0
132754,0
18304,0
100687,0
51695,0
6118,0
127560,0
53020,0
125587,0
124421,0
45501,0
37217,0
129064,0
131769,0
26426,0
110390,0
97898,0
63184,0
11118,0
86316,0
97653,0
44036,0
83207,0
51175,0
51964,0
58695,0
121859,0
85655,0
79791,0
50574,0
15500,0
34548,0
128833,0
77662,0
118932,0
133623,0
47133,0
25105,0
8849,0
25939,0
10836,0
44098,0
45527,0
40433,0
129002,0
125633,0
23878,0
29012,0
125166,0
28377,0
32139,0
124732,0
56781,0
25477,0
113372,0
20531,0
58358,0
94817,0
124398,0
41601,0
106732,0
40061,0
102906,0
125662,0
43468,0
47595,0
94724,0
98637,0
128643,0
14290,0
96338,0
128652,0
38039,0
131474,0
6312,0
130877,0
28825,0
128471,0
8674,0
38449,0
2910,0
55181,0
31999,0
57608,0
85227,0
4412,0
17432,0
87631,0
124951,0
34360,0
103595,0
3443,0
122996,0
128381,0
119777,0
45905,0
112217,0
72903,0
131617,0
54295,0
53192,0
43244,0
42504,0
89241,0
6958,0
13561,0
74867,0
120630,0
7857,0
50088,0
48722,0
22953,0
120070,0
50378,0
132555,0
47446,0
121682,0
111202,0
6476,0
87240,0
114603,0
32345,0
18563,0
88928,0
108824,0
40776,0
133467,0
89052,0
4969,0
16739,0
131491,0
110063,0
20474,0
24017,0
66141,0
7317,0
42194,0
54740,0
122243,0
76315,0
121723,0
114210,0
84380,0
3492,0
38500,0
32493,0
31112,0
126316,0
10267,0
98605,0
7658,0
132367,0
126277,0
130920,0
28678,0
24298,0
100172,0
44409,0
7816,0
21574,0
17841,0
130382,0
949,0
95407,0
104572,0
46156,0
2150,0
30749,0
28846,0
15336,0
33304,0
123802,0
11722,0
114409,0
21733,0
7772,0
52861,0
120706,0
22854,0
102426,0
82492,0
108951,0
134029,0
34488,0
100241,0
36308,0
12138,0
8064,0
12968,0
68351,0
89000,0
14473,0
61976,0
122124,0
118386,0
29155,0
124927,0
22221,0
71787,0
16684,0
67296,0
42390,0
3286,0
99266,0
32044,0
111230,0
8297,0
112281,0
5068,0
133163,0
24881,0
6248,0
13084,0
48035,0
18857,0
34415,0
68828,0
18212,0
131624,0
128952,0
56775,0
33465,0
128595,0
67720,0
29138,0
133014,0
96097,0
28211,0
77086,0
70386,0
51796,0
39281,0
66866,0
116165,0
114806,0
28815,0
6192,0
127712,0
62903,0
11629,0
109642,0
46628,0
9225,0
122234,0
59511,0
50675,0
133683,0
52037,0
11866,0
14593,0
124749,0
7160,0
123206,0
474,0
38452,0
119143,0
39062,0
68468,0
19016,0
21743,0
6252,0
6070,0
111831,0
31246,0
78024,0
105894,0
57645,0
34388,0
112483,0
4891,0
114816,0
128679,0
50693,0
4265,0
84031,0
48288,0
31697,0
40332,0
9784,0
32596,0
65808,0
23159,0
99328,0
58967,0
8169,0
42315,0
38571,0
78754,0
67550,0
51334,0
128608,0
112675,0
22843,0
72602,0
37281,0
17304,0
29906,0
95567,0
6580,0
124607,0
40508,0
41249,0
52679,0
52009,0
52829,0
35059,0
120067,0
129077,0
10958,0
77299,0
3197,0
3565,0
41417,0
14588,0
123221,0
76725,0
53933,0
31998,0
4688,0
12380,0
91965,0
128217,0
20615,0
20541,0
105049,0
92469,0
7976,0
129190,0
11454,0
46614,0
86058,0
44645,0
134090,0
132956,0
80000,0
42751,0
34107,0
4381,0
53667,0
92089,0
59090,0
30083,0
56746,0
127067,0
20389,0
94542,0
59583,0
11912,0
562,0
18219,0
119207,0
87246,0
97721,0
13418,0
29128,0
61938,0
41680,0
15195,0
49837,0
133077,0
35222,0
108253,0
23584,0
48980,0
91845,0
90729,0
17127,0
114009,0
13719,0
57670,0
130732,0
129450,0
72682,0
45683,0
130394,0
98270,0
58788,0
60872,0
33573,0
9986,0
25748,0
119558,0
43532,0
126253,0
64771,0
93174,0
27213,0
129272,0
35256,0
18884,0
43339,0
29057,0
3610,0
133471,0
32454,0
46725,0
113286,0
60151,0
82132,0
12455,0
25455,0
120022,0
101929,0
134255,0
75682,0
6677,0
1512,0
26858,0
84600,0
34040,0
32839,0
50044,0
98753,0
79524,0
30858,0
37377,0
12135,0
75082,0
75796,0
121592,0
27973,0
40666,0
100786,0
21978,0
127626,0
24500,0
6920,0
100896,0
22310,0
54224,0
56272,0
29707,0
29375,0
104478,0
42572,0
111111,0
100990,0
2880,0
129780,0
94576,0
61477,0
37483,0
28228,0
39479,0
6127,0
92275,0
15444,0
40384,0
129868,0
51373,0
127654,0
53590,0
83239,0
46952,0
82924,0
47958,0
8154,0
68462,0
128848,0
27397,0
114963,0
35511,0
30597,0
130057,0
1887,0
52468,0
64340,0
123637,0
22889,0
6221,0
51699,0
132500,0
125787,0
16570,0
1903,0
120082,0
21285,0
4588,0
15148,0
117473,0
121062,0
45153,0
17282,0
3493,0
17081,0
94995,0
125506,0
59874,0
24072,0
119805,0
48979,0
109208,0
131096,0
127022,0
90385,0
50676,0
122101,0
9976,0
123308,0
60818,0
12003,0
96559,0
15522,0
57326,0
56133,0
85943,0
7223,0
111930,0
52175,0
126184,0
9650,0
15663,0
46261,0
103277,0
64360,0
88369,0
126117,0
29540,0
127668,0
132459,0
31045,0
27282,0
102341,0
6433,0
92678,0
125024,0
109920,0
32695,0
34838,0
38565,0
38877,0
29720,0
50827,0
24887,0
40946,0
45088,0
58059,0
120949,0
110771,0
97368,0
45654,0
50945,0
107653,0
27684,0
44354,0
130590,0
57445,0
36573,0
55548,0
7879,0
130035,0
42108,0
37198,0
52409,0
39609,0
112544,0
29239,0
127977,0
84277,0
37019,0
129909,0
43222,0
62224,0
102623,0
14065,0
40784,0
104834,0
129784,0
48325,0
1415,0
134034,0
9679,0
39901,0
35286,0
7945,0
110016,0
28331,0
36647,0
115585,0
120013,0
103247,0
20646,0
42132,0
34747,0
131760,0
53173,0
7253,0
129098,0
62045,0
111631,0
113715,0
55502,0
18711,0
37114,0
128807,0
36613,0
111143,0
26664,0
106089,0
38559,0
130605,0
115066,0
1981,0
38553,0
57979,0
37514,0
43516,0
27737,0
24351,0
97602,0
94507,0
106229,0
127589,0
43036,0
117433,0
128206,0
118942,0
25149,0
128557,0
46947,0
62266,0
103274,0
98546,0
126897,0
92141,0
27760,0
134084,0
11979,0
6504,0
9371,0
87847,0
128943,0
130714,0
32115,0
45523,0
29941,0
54854,0
37164,0
130079,0
69618,0
65752,0
88439,0
101701,0
36344,0
60852,0
90313,0
7481,0
87164,0
56666,0
27974,0
49432,0
124279,0
19606,0
34627,0
60683,0
61503,0
21130,0
82065,0
4777,0
13611,0
21039,0
35647,0
114396,0
123193,0
39004,0
19013,0
92986,0
132216,0
134101,0
36095,0
90548,0
129138,0
35994,0
22862,0
115725,0
73346,0
20033,0
35862,0
51380,0
23308,0
89426,0
6133,0
132797,0
32105,0
52821,0
9719,0
39185,0
40121,0
36497,0
58928,0
52925,0
109490,0
93905,0
5968,0
83000,0
1949,0
41194,0
43731,0
40590,0
6568,0
130649,0
101739,0
3873,0
17070,0
105072,0
3092,0
111450,0
20046,0
17290,0
50384,0
25282,0
20845,0
48403,0
131268,0
125237,0
39379,0
91838,0
112740,0
32833,0
112615,0
25909,0
25268,0
67371,0
14620,0
64570,0
117321,0
56463,0
10601,0
55687,0
16344,0
78370,0
59666,0
75746,0
5015,0
30692,0
9114,0
3332,0
18235,0
19792,0
1064,0
126579,0
89661,0
125841,0
122099,0
128932,0
70906,0
13735,0
57195,0
58440,0
38471,0
123175,0
5110,0
61494,0
67671,0
131206,0
132256,0
10800,0
119235,0
128592,0
16694,0
17449,0
1740,0
59579,0
12374,0
39828,0
132692,0
93585,0
99557,0
1378,0
124215,0
59256,0
15154,0
5093,0
40985,0
120291,0
130467,0
3351,0
66275,0
131957,0
119944,0
24140,0
51620,0
2500,0
33046,0
159,0
16214,0
36755,0
48779,0
58677,0
73150,0
39286,0
4513,0
19861,0
27126,0
90281,0
44516,0
26018,0
92637,0
91010,0
59015,0
47191,0
68488,0
2476,0
68943,0
94534,0
122210,0
1501,0
124699,0
41413,0
120759,0
96851,0
94983,0
16510,0
3222,0
6484,0
130607,0
49091,0
123941,0
16501,0
4418,0
57906,0
803,0
100316,0
122766,0
106326,0
5457,0
91593,0
132496,0
51402,0
77555,0
125656,0
47491,0
42640,0
5978,0
132949,0
16170,0
92841,0
56593,0
16411,0
20330,0
31218,0
3195,0
76004,0
106247,0
26997,0
15187,0
33084,0
88800,0
31267,0
56113,0
30284,0
20784,0
104609,0
27399,0
130736,0
95242,0
13979,0
2280,0
17626,0
41007,0
2098,0
32434,0
33543,0
17744,0
131596,0
15152,0
33103,0
41528,0
125958,0
79670,0
128913,0
129988,0
70683,0
34358,0
120900,0
131238,0
131953,0
9926,0
38915,0
30137,0
69985,0
50694,0
125373,0
125324,0
100968,0
38753,0
97165,0
125179,0
25495,0
59365,0
51234,0
37911,0
97649,0
118526,0
121094,0
134161,0
12966,0
76209,0
111599,0
93366,0
129380,0
21906,0
124180,0
8711,0
120891,0
16747,0
52236,0
72187,0
40364,0
49350,0
14418,0
5757,0
66566,0
9289,0
79017,0
73677,0
52618,0
57332,0
41377,0
58685,0
122538,0
45710,0
59857,0
93680,0
131301,0
110562,0
125969,0
43819,0
107466,0
2059,0
15771,0
133604,0
7528,0
2918,0
98016,0
40522,0
67688,0
29491,0
120251,0
42465,0
55931,0
50022,0
35967,0
61450,0
123376,0
133924,0
3948,0
72284,0
57063,0
74794,0
35721,0
4104,0
26595,0
42822,0
184,0
88729,0
132506,0
53425,0
110234,0
126916,0
90150,0
119713,0
21804,0
34590,0
55709,0
50031,0
11838,0
52843,0
124229,0
126766,0
49004,0
84064,0
36530,0
127642,0
32470,0
65370,0
99626,0
7686,0
7393,0
126468,0
119465,0
39754,0
45703,0
18435,0
57111,0
117805,0
97978,0
128128,0
96445,0
128405,0
79716,0
12188,0
53524,0
132291,0
35809,0
68658,0
93873,0
47607,0
9234,0
131203,0
131047,0
93528,0
21380,0
132535,0
35761,0
79788,0
11393,0
28298,0
23781,0
134256,0
29032,0
4188,0
96652,0
133086,0
93734,0
127238,0
132095,0
54914,0
47775,0
109646,0
128680,0
68801,0
78285,0
20190,0
26049,0
57217,0
51781,0
49480,0
25575,0
48071,0
49760,0
54100,0
8337,0
80302,0
73745,0
6902,0
13388,0
48538,0
75436,0
123239,0
19973,0
410,0
15502,0
127824,0
106477,0
7070,0
30276,0
16176,0
106915,0
24834,0
125509,0
41599,0
88709,0
15825,0
97712,0
1329,0
14296,0
58829,0
132701,0
26243,0
94316,0
114103,0
26531,0
56525,0
22993,0
52817,0
129140,0
8126,0
22297,0
91601,0
46501,0
76272,0
78749,0
66517,0
26101,0
52585,0
100449,0
133702,0
12879,0
67257,0
64023,0
19768,0
11080,0
103025,0
90533,0
87136,0
54643,0
51902,0
56708,0
94415,0
35004,0
30895,0
3839,0
2045,0
17165,0
131779,0
53082,0
25276,0
29790,0
128440,0
11684,0
66560,0
106473,0
119742,0
114589,0
42984,0
68008,0
65621,0
27751,0
88158,0
104085,0
18225,0
53978,0
120126,0
98918,0
88326,0
60129,0
34373,0
47647,0
82867,0
54243,0
17465,0
107320,0
10280,0
93354,0
32086,0
53588,0
13103,0
8737,0
106561,0
71576,0
1035,0
27649,0
86362,0
21117,0
107062,0
38081,0
35446,0
38432,0
18593,0
133459,0
29702,0
2586,0
20464,0
119921,0
107494,0
16013,0
18359,0
130153,0
4768,0
125300,0
128879,0
19430,0
24875,0
23078,0
46002,0
128933,0
48986,0
128750,0
125974,0
113915,0
132217,0
46738,0
42634,0
121738,0
28030,0
82089,0
129249,0
36656,0
131126,0
109935,0
126070,0
70959,0
1022,0
80912,0
5866,0
30837,0
12118,0
45177,0
63506,0
121698,0
20986,0
36836,0
122910,0
26318,0
78221,0
129390,0
80384,0
63279,0
102165,0
128842,0
23466,0
117193,0
59354,0
50885,0
37791,0
128146,0
94046,0
133880,0
133385,0
52365,0
128037,0
133301,0
51195,0
45470,0
11387,0
16230,0
55019,0
43610,0
8333,0
28094,0
52659,0
97856,0
40380,0
28623,0
7681,0
11193,0
30792,0
100905,0
132301,0
6177,0
8051,0
7985,0
27831,0
110553,0
47123,0
45935,0
11089,0
68627,0
129931,0
94317,0
545,0
11305,0
124987,0
28897,0
133450,0
33842,0
22778,0
3587,0
7380,0
99585,0
84019,0
21053,0
32603,0
113887,0
31497,0
121425,0
81343,0
52404,0
7174,0
66411,0
107709,0
57972,0
42687,0
120869,0
54173,0
106108,0
11691,0
128741,0
25018,0
376,0
88386,0
2568,0
63107,0
11913,0
32479,0
120468,0
34393,0
63115,0
38096,0
131942,0
131914,0
128992,0
30983,0
130172,0
128739,0
119150,0
27726,0
132923,0
8122,0
92623,0
44085,0
64407,0
54625,0
36183,0
38843,0
38583,0
97681,0
12788,0
21409,0
6374,0
40321,0
55788,0
5309,0
132680,0
130053,0
3495,0
38821,0
102970,0
4333,0
132152,0
26682,0
10185,0
128854,0
126059,0
26938,0
34647,0
48792,0
108748,0
30774,0
27201,0
61953,0
84687,0
102308,0
51616,0
131968,0
5231,0
14350,0
131979,0
6024,0
11257,0
129877,0
79502,0
46467,0
128013,0
58258,0
94360,0
35104,0
36510,0
24087,0
132721,0
131451,0
19961,0
32131,0
72325,0
40288,0
7750,0
60673,0
15867,0
36356,0
95212,0
19632,0
37566,0
115787,0
116006,0
23443,0
75807,0
28680,0
130883,0
16141,0
39375,0
16423,0
128661,0
27279,0
123402,0
21182,0
126310,0
78510,0
28093,0
131160,0
18408,0
27528,0
83031,0
96726,0
5494,0
26085,0
28706,0
88294,0
17643,0
122365,0
98211,0
13156,0
48472,0
86330,0
126833,0
124171,0
97741,0
124576,0
84038,0
24402,0
119470,0
105876,0
4875,0
56587,0
77472,0
35701,0
125794,0
47968,0
14624,0
55,0
2120,0
26854,0
1848,0
131284,0
131044,0
6046,0
56917,0
130664,0
43095,0
13087,0
122389,0
11610,0
38682,0
128977,0
14513,0
72281,0
101450,0
17035,0
122614,0
485,0
107846,0
17698,0
66324,0
102383,0
79565,0
24442,0
106169,0
131971,0
4564,0
12161,0
39304,0
45438,0
4880,0
35812,0
22333,0
5550,0
28105,0
76967,0
31463,0
44501,0
30023,0
59394,0
132610,0
67652,0
122809,0
17735,0
34053,0
37944,0
31510,0
116787,0
134085,0
37906,0
85309,0
96749,0
40997,0
71704,0
17940,0
51501,0
132139,0
87817,0
24179,0
113702,0
126759,0
97993,0
40648,0
47171,0
31667,0
14574,0
42522,0
4605,0
5025,0
19516,0
48659,0
66865,0
30968,0
129069,0
113402,0
56263,0
127523,0
13091,0
57993,0
40388,0
21114,0
42090,0
51851,0
129706,0
4090,0
6533,0
110996,0
31402,0
29518,0
104706,0
121574,0
57627,0
60739,0
46958,0
40872,0
129394,0
12230,0
35722,0
105928,0
109181,0
18049,0
59805,0
5182,0
8843,0
34382,0
55740,0
90951,0
115649,0
14790,0
83054,0
129955,0
8555,0
57679,0
116302,0
20593,0
40098,0
34211,0
95705,0
33986,0
9533,0
64916,0
126222,0
54908,0
40873,0
32652,0
43637,0
130978,0
33051,0
3111,0
38306,0
28614,0
36529,0
123730,0
15137,0
80506,0
28977,0
33984,0
14669,0
109315,0
54668,0
18242,0
100822,0
30253,0
27752,0
79684,0
62515,0
30526,0
31479,0
70302,0
54044,0
109201,0
22752,0
16650,0
126958,0
75143,0
27368,0
10629,0
58010,0
98261,0
18302,0
43826,0
33278,0
60164,0
98721,0
61362,0
97773,0
125646,0
18184,0
27383,0
26468,0
74058,0
35240,0
121893,0
100492,0
74987,0
102719,0
107404,0
44742,0
29063,0
129344,0
97212,0
93620,0
110006,0
102541,0
8971,0
9463,0
35633,0
15695,0
56008,0
59251,0
85116,0
31026,0
57675,0
108593,0
2975,0
22667,0
34115,0
133970,0
45363,0
2296,0
13182,0
39960,0
78107,0
11857,0
94675,0
78552,0
46410,0
4984,0
8083,0
133659,0
32582,0
24643,0
104261,0
2066,0
55599,0
111948,0
53541,0
131693,0
111146,0
6010,0
103052,0
64623,0
45699,0
54610,0
4240,0
35131,0
10226,0
39013,0
132854,0
98846,0
46284,0
72468,0
1944,0
133953,0
51342,0
114206,0
31890,0
2936,0
117389,0
131767,0
83812,0
6188,0
22715,0
71958,0
29166,0
27620,0
98666,0
128825,0
109861,0
8925,0
116119,0
82660,0
113156,0
86388,0
127755,0
119520,0
10182,0
30966,0
58168,0
45493,0
1988,0
127918,0
28619,0
9560,0
115812,0
12781,0
28515,0
111641,0
45262,0
31418,0
20028,0
124479,0
15717,0
29339,0
36139,0
44059,0
1867,0
130094,0
111362,0
111106,0
55099,0
75297,0
120175,0
103605,0
2891,0
24508,0
26236,0
45998,0
26083,0
39423,0
52314,0
125385,0
90650,0
47070,0
115137,0
34422,0
57266,0
100215,0
123624,0
97555,0
44122,0
95333,0
86251,0
86061,0
95678,0
17955,0
41793,0
118528,0
132003,0
6330,0
26876,0
120078,0
38122,0
30252,0
40797,0
48417,0
120044,0
57231,0
77125,0
4498,0
23615,0
101943,0
10037,0
51921,0
35889,0
132677,0
83687,0
9577,0
24365,0
35242,0
1995,0
30626,0
61850,0
76243,0
16440,0
121181,0
12312,0
30944,0
30295,0
120553,0
34643,0
81147,0
97094,0
39973,0
18013,0
47020,0
2310,0
9989,0
10724,0
109636,0
104104,0
129117,0
115480,0
120193,0
36426,0
122749,0
40475,0
87265,0
2028,0
133506,0
87358,0
83743,0
7729,0
130869,0
36932,0
133901,0
15054,0
55752,0
52191,0
72630,0
59577,0
19027,0
102990,0
24447,0
26566,0
119081,0
99911,0
26186,0
6620,0
45611,0
125229,0
30025,0
54080,0
106399,0
38594,0
32769,0
80371,0
116417,0
21004,0
56670,0
127819,0
12461,0
95073,0
78655,0
38054,0
72003,0
58443,0
103543,0
39675,0
65739,0
53441,0
98347,0
130731,0
5814,0
15871,0
114563,0
11280,0
40282,0
131212,0
47463,0
13948,0
24958,0
95120,0
41902,0
120438,0
54461,0
42333,0
113859,0
8387,0
16492,0
116878,0
24361,0
126083,0
32845,0
86189,0
34013,0
27701,0
57594,0
56928,0
5401,0
32002,0
129127,0
132052,0
1752,0
53628,0
21883,0
35162,0
11056,0
133976,0
25297,0
108971,0
52287,0
130313,0
27131,0
132944,0
16675,0
41411,0
64644,0
97637,0
126113,0
40867,0
16962,0
112798,0
11534,0
119087,0
11030,0
95663,0
69982,0
96018,0
123886,0
16376,0
15594,0
112463,0
79765,0
129057,0
19716,0
46844,0
77190,0
43330,0
86227,0
54955,0
5649,0
67592,0
74530,0
56410,0
128810,0
63670,0
86222,0
81573,0
12013,0
18360,0
16912,0
131424,0
51719,0
10742,0
126503,0
31745,0
125261,0
15850,0
49573,0
29612,0
130848,0
133926,0
56933,0
31382,0
12908,0
5894,0
49914,0
133828,0
114853,0
132835,0
13478,0
16169,0
125644,0
122496,0
133596,0
6856,0
6345,0
43411,0
50027,0
84427,0
16607,0
9502,0
14443,0
124589,0
3561,0
90694,0
110629,0
18336,0
25493,0
55233,0
19213,0
11894,0
132395,0
80027,0
83719,0
4378,0
112967,0
105742,0
32405,0
71232,0
1930,0
49709,0
55927,0
129704,0
120957,0
4376,0
35016,0
16041,0
110186,0
126361,0
49940,0
28055,0
43484,0
8693,0
133690,0
66276,0
14700,0
14913,0
11843,0
13155,0
59022,0
21785,0
130777,0
86867,0
126589,0
131401,0
14637,0
51920,0
50283,0
120625,0
35705,0
13515,0
40022,0
105252,0
48012,0
93112,0
5852,0
61411,0
127542,0
1961,0
7593,0
12758,0
92116,0
17451,0
8690,0
14426,0
40620,0
36348,0
31057,0
1118,0
19119,0
121949,0
14791,0
70629,0
45220,0
15163,0
25714,0
8957,0
60871,0
113128,0
1483,0
120725,0
86243,0
17919,0
20386,0
132169,0
38256,0
43822,0
8382,0
124415,0
82869,0
73537,0
59031,0
50868,0
24669,0
29703,0
85312,0
38655,0
51819,0
124486,0
36296,0
127534,0
96098,0
124368,0
128577,0
129977,0
134154,0
34434,0
64393,0
69241,0
3341,0
24070,0
70482,0
112397,0
34577,0
125991,0
116193,0
57695,0
57737,0
59441,0
133810,0
46433,0
46699,0
19370,0
70602,0
12095,0
11475,0
52783,0
46384,0
133053,0
31102,0
7348,0
118053,0
133354,0
117825,0
88924,0
68099,0
124942,0
37907,0
127444,0
127050,0
25782,0
54106,0
121516,0
1824,0
56902,0
45131,0
11736,0
14756,0
27563,0
38073,0
52819,0
131455,0
125000,0
14712,0
90841,0
7915,0
133770,0
10070,0
32167,0
19039,0
110045,0
13051,0
54145,0
32982,0
57742,0
55921,0
6380,0
90940,0
58582,0
28698,0
130543,0
43777,0
133147,0
30267,0
112458,0
63768,0
75157,0
122456,0
89537,0
127034,0
18558,0
90469,0
128531,0
122170,0
18789,0
51213,0
127014,0
64119,0
126992,0
71822,0
16035,0
28505,0
2406,0
1344,0
56613,0
94017,0
88825,0
19941,0
23614,0
53019,0
4805,0
61045,0
25798,0
22887,0
284,0
104439,0
11814,0
50067,0
130232,0
63363,0
20905,0
25622,0
133225,0
62922,0
29432,0
69336,0
12692,0
53765,0
56145,0
10665,0
44082,0
5988,0
62548,0
10115,0
56222,0
123680,0
42803,0
26954,0
123868,0
130965,0
69197,0
54327,0
4109,0
59164,0
2493,0
47326,0
123444,0
110278,0
26296,0
44637,0
11794,0
54561,0
16609,0
128071,0
23802,0
120499,0
59014,0
23175,0
31080,0
2906,0
116662,0
71393,0
66254,0
54121,0
128029,0
19942,0
75340,0
122926,0
3853,0
88198,0
93205,0
36685,0
47195,0
82425,0
89704,0
36691,0
111071,0
12589,0
64779,0
84895,0
128226,0
131709,0
47198,0
53900,0
110797,0
68757,0
121541,0
129807,0
68448,0
19985,0
128794,0
87386,0
65536,0
48800,0
125715,0
128409,0
43205,0
39523,0
23056,0
78197,0
108293,0
95608,0
127070,0
12996,0
35294,0
126879,0
131090,0
90032,0
28812,0
133380,0
9277,0
13334,0
129143,0
15762,0
9332,0
27302,0
32550,0
63052,0
11477,0
122925,0
18022,0
120456,0
28227,0
97625,0
2082,0
11115,0
41397,0
89669,0
7159,0
126007,0
53456,0
48144,0
26128,0
1033,0
119732,0
58047,0
94493,0
129588,0
27557,0
35409,0
31438,0
95046,0
103421,0
30079,0
131196,0
46585,0
103652,0
55708,0
20694,0
34151,0
54877,0
16269,0
55878,0
101699,0
46428,0
20995,0
132383,0
28663,0
32572,0
132971,0
14299,0
4734,0
133931,0
128925,0
65575,0
21691,0
129863,0
94531,0
43442,0
103082,0
131182,0
113099,0
90,0
44328,0
43287,0
106088,0
7747,0
80595,0
127610,0
3803,0
11759,0
2490,0
10872,0
538,0
30493,0
56625,0
129591,0
12854,0
80279,0
115230,0
64789,0
10861,0
94755,0
79544,0
28723,0
120532,0
123186,0
49747,0
587,0
126733,0
35421,0
51992,0
51242,0
14879,0
44491,0
31586,0
33283,0
132327,0
46875,0
28452,0
7426,0
131366,0
12598,0
5340,0
4968,0
132276,0
41826,0
125021,0
24556,0
7472,0
124848,0
133257,0
32978,0
130007,0
73723,0
90595,0
2983,0
29087,0
134159,0
46125,0
40488,0
21782,0
118512,0
66231,0
126841,0
58569,0
71090,0
9256,0
71369,0
84057,0
12356,0
52964,0
2998,0
133913,0
30272,0
41318,0
126808,0
71354,0
15542,0
34121,0
69091,0
45502,0
35194,0
24913,0
28224,0
58698,0
87757,0
45676,0
10773,0
30268,0
130975,0
5230,0
110597,0
65756,0
84389,0
84760,0
32936,0
12363,0
4653,0
72937,0
56717,0
46872,0
32478,0
60120,0
5156,0
33846,0
55274,0
20276,0
85037,0
41472,0
37153,0
121980,0
82420,0
32400,0
59797,0
34806,0
52375,0
115776,0
75484,0
66279,0
25167,0
57866,0
101863,0
40794,0
34424,0
98588,0
107823,0
2294,0
1150,0
9891,0
121198,0
20806,0
114287,0
31150,0
20929,0
6099,0
90765,0
112392,0
129702,0
56605,0
20864,0
36877,0
53199,0
62597,0
33654,0
118385,0
38208,0
128338,0
11754,0
123355,0
134246,0
106520,0
44371,0
46112,0
41348,0
131529,0
32425,0
128060,0
14340,0
54002,0
42744,0
32018,0
105186,0
78624,0
83652,0
37623,0
49749,0
128761,0
24802,0
131004,0
57727,0
31961,0
130724,0
54294,0
23911,0
131601,0
31098,0
73624,0
35858,0
92299,0
53490,0
16289,0
49429,0
53845,0
108435,0
105347,0
33474,0
4537,0
33990,0
60620,0
3653,0
47472,0
39118,0
24882,0
30022,0
1990,0
26676,0
129539,0
21447,0
37515,0
104379,0
29414,0
37370,0
133413,0
15304,0
60638,0
76225,0
3295,0
134272,0
102485,0
129680,0
533,0
9275,0
33451,0
34354,0
128651,0
129277,0
35849,0
129969,0
52434,0
103499,0
57610,0
6236,0
43173,0
65735,0
114636,0
46285,0
45657,0
47648,0
72563,0
119191,0
120053,0
20836,0
72785,0
57240,0
132032,0
130427,0
88665,0
18215,0
24733,0
88754,0
57938,0
130815,0
102878,0
16882,0
63197,0
57615,0
17764,0
43570,0
19046,0
41208,0
42414,0
131719,0
32906,0
26161,0
124595,0
25166,0
187,0
30610,0
130888,0
91912,0
126532,0
29210,0
43607,0
134150,0
109285,0
45051,0
34746,0
27921,0
62997,0
98398,0
111187,0
3940,0
82970,0
123795,0
119673,0
55925,0
25193,0
35169,0
77527,0
56966,0
43461,0
73213,0
129632,0
102913,0
116482,0
1466,0
50754,0
78374,0
1030,0
12267,0
130586,0
26803,0
63773,0
55781,0
40329,0
4632,0
48926,0
83551,0
30667,0
24633,0
122027,0
43727,0
131718,0
26148,0
34987,0
2205,0
24593,0
84788,0
122107,0
69396,0
108694,0
122334,0
123621,0
132720,0
133449,0
13487,0
52051,0
36394,0
127345,0
130355,0
9151,0
8969,0
130281,0
129723,0
3503,0
812,0
1525,0
131255,0
124524,0
17249,0
15459,0
128931,0
31957,0
116138,0
48137,0
15818,0
24082,0
106728,0
32078,0
22425,0
84358,0
80719,0
11007,0
130942,0
72062,0
9953,0
53880,0
6575,0
40254,0
8165,0
129449,0
14175,0
71044,0
110901,0
57031,0
39471,0
114769,0
126292,0
118152,0
49509,0
58718,0
83367,0
32241,0
10304,0
128633,0
7053,0
55551,0
28360,0
19848,0
28760,0
18351,0
15173,0
33866,0
19791,0
49435,0
65424,0
133186,0
66819,0
11934,0
30356,0
58429,0
64435,0
26483,0
56508,0
234,0
66158,0
58331,0
47119,0
479,0
129353,0
31542,0
27992,0
129804,0
127358,0
21321,0
16461,0
44176,0
51614,0
59917,0
28442,0
124561,0
39203,0
21240,0
131035,0
20426,0
45443,0
128521,0
36886,0
61062,0
21763,0
12686,0
106826,0
32409,0
114909,0
83858,0
23430,0
114991,0
117192,0
133111,0
128888,0
129164,0
130195,0
48935,0
20425,0
75527,0
91750,0
29476,0
127557,0
88976,0
43074,0
125753,0
56029,0
52717,0
128882,0
105614,0
14423,0
120783,0
12721,0
130851,0
26667,0
34410,0
69949,0
62604,0
128692,0
28544,0
56955,0
34928,0
16816,0
48051,0
12294,0
21353,0
87861,0
99888,0
66136,0
849,0
63054,0
11846,0
58934,0
131124,0
9357,0
3336,0
25541,0
14640,0
131691,0
73217,0
45026,0
128706,0
18384,0
132008,0
19435,0
33649,0
41098,0
55915,0
92511,0
23414,0
4830,0
16370,0
118848,0
42906,0
59250,0
4092,0
58715,0
42010,0
54033,0
133614,0
43184,0
65325,0
115565,0
6516,0
5553,0
10026,0
56063,0
23481,0
30121,0
82450,0
18722,0
42083,0
13232,0
1980,0
48205,0
132594,0
18696,0
126687,0
121970,0
17175,0
25173,0
53767,0
114044,0
20715,0
64273,0
115380,0
82497,0
67641,0
14649,0
117693,0
130817,0
16638,0
116270,0
132233,0
118959,0
53081,0
124998,0
100121,0
44402,0
16215,0
66125,0
67314,0
43530,0
52389,0
47585,0
74618,0
36998,0
59565,0
131696,0
58802,0
129275,0
52606,0
4994,0
71119,0
92332,0
4331,0
9294,0
116851,0
10901,0
48001,0
19236,0
80818,0
58399,0
121514,0
130414,0
57725,0
44892,0
133296,0
133000,0
126331,0
21737,0
76103,0
42098,0
24142,0
122798,0
54246,0
101756,0
128317,0
44795,0
91403,0
23881,0
74573,0
24096,0
120812,0
119600,0
87126,0
18459,0
47121,0
97949,0
25039,0
22342,0
34656,0
38592,0
111806,0
50429,0
69177,0
120742,0
33854,0
77760,0
59921,0
104091,0
20767,0
1807,0
121617,0
675,0
89097,0
1999,0
43748,0
38320,0
64910,0
42686,0
126868,0
56684,0
18040,0
47045,0
30250,0
46346,0
41768,0
22383,0
40697,0
1338,0
195,0
51485,0
104807,0
80201,0
94382,0
117681,0
81997,0
88340,0
123070,0
130192,0
72342,0
106074,0
28121,0
74129,0
27923,0
3532,0
120786,0
3342,0
93703,0
1051,0
53094,0
51852,0
63108,0
19426,0
117812,0
97250,0
25352,0
58305,0
103233,0
53396,0
17191,0
64748,0
28503,0
90202,0
130916,0
31413,0
120549,0
5410,0
82587,0
30229,0
5363,0
60604,0
118868,0
27342,0
132054,0
127473,0
43187,0
66925,0
134168,0
130751,0
133832,0
86261,0
5887,0
75132,0
58956,0
31813,0
72599,0
473,0
19655,0
36657,0
128397,0
57986,0
95119,0
16876,0
119262,0
32251,0
72408,0
46203,0
40726,0
41049,0
94204,0
113649,0
18807,0
59777,0
113718,0
48407,0
99006,0
53604,0
66061,0
89368,0
21180,0
6552,0
30007,0
68220,0
8092,0
114638,0
90235,0
115162,0
52880,0
104053,0
55260,0
66315,0
36578,0
89087,0
55936,0
44914,0
68415,0
121976,0
55558,0
51611,0
17033,0
20136,0
13407,0
38750,0
29901,0
88766,0
59799,0
87968,0
35559,0
1971,0
37577,0
51718,0
130340,0
28043,0
66044,0
32732,0
25667,0
30732,0
130936,0
108900,0
75217,0
10787,0
112168,0
51390,0
34476,0
131917,0
109238,0
133451,0
22751,0
39716,0
634,0
46481,0
17224,0
67493,0
33810,0
126500,0
105038,0
3737,0
77905,0
27559,0
44682,0
80606,0
129824,0
127024,0
56524,0
117426,0
111629,0
123167,0
45294,0
74064,0
51876,0
117616,0
50623,0
12776,0
120697,0
97802,0
133059,0
13930,0
126407,0
55924,0
30989,0
121752,0
115239,0
48607,0
17176,0
122763,0
103817,0
81331,0
13086,0
5651,0
8427,0
14600,0
27606,0
62075,0
59503,0
120238,0
127848,0
114568,0
9173,0
69678,0
25735,0
110687,0
133515,0
12113,0
514,0
80016,0
9537,0
82666,0
45509,0
104509,0
4583,0
45914,0
46293,0
55164,0
24191,0
58990,0
75952,0
59763,0
50510,0
81506,0
42678,0
102093,0
21774,0
130697,0
47593,0
125002,0
52697,0
84965,0
126063,0
60933,0
48492,0
134132,0
971,0
21382,0
118853,0
69171,0
126223,0
75980,0
46770,0
77100,0
56144,0
78204,0
41277,0
5065,0
22189,0
71108,0
130126,0
15992,0
62353,0
116816,0
16757,0
36706,0
132031,0
110986,0
122655,0
130441,0
133226,0
59533,0
1567,0
72064,0
18494,0
120868,0
54203,0
91336,0
120821,0
49946,0
25824,0
22673,0
131797,0
128686,0
43829,0
47221,0
72556,0
54322,0
115702,0
133875,0
126502,0
53281,0
85852,0
26747,0
85887,0
25043,0
128951,0
25478,0
49535,0
94708,0
37663,0
76711,0
28302,0
129469,0
59954,0
21062,0
116366,0
68631,0
26708,0
127908,0
18935,0
54634,0
11572,0
17062,0
78086,0
37015,0
30510,0
51586,0
40859,0
124301,0
58632,0
46968,0
41328,0
59207,0
87755,0
55910,0
4862,0
48643,0
116704,0
94618,0
13853,0
24721,0
12707,0
132961,0
31240,0
129681,0
133190,0
129165,0
7877,0
28102,0
44467,0
81925,0
43313,0
733,0
122344,0
92765,0
24372,0
52997,0
36883,0
115603,0
133258,0
38515,0
11433,0
34944,0
23484,0
92522,0
131620,0
45199,0
22277,0
1983,0
123078,0
114262,0
46625,0
21320,0
72080,0
131127,0
569,0
38030,0
133900,0
12735,0
53339,0
76142,0
55071,0
92061,0
85517,0
60460,0
126755,0
54168,0
1831,0
109816,0
63530,0
9758,0
44662,0
33983,0
24539,0
25244,0
6542,0
25502,0
59727,0
28967,0
120943,0
37922,0
13528,0
31517,0
129384,0
54541,0
56085,0
56969,0
14219,0
133573,0
19540,0
130809,0
35680,0
127636,0
63784,0
2809,0
95558,0
31020,0
14742,0
21663,0
133017,0
611,0
73549,0
130673,0
84992,0
128374,0
118553,0
110948,0
58232,0
127437,0
100979,0
133844,0
20822,0
4787,0
116148,0
16548,0
130233,0
56333,0
5686,0
118272,0
131321,0
52070,0
68671,0
122430,0
38797,0
26210,0
8421,0
30168,0
130930,0
15977,0
124001,0
124764,0
90072,0
120309,0
116923,0
52381,0
37280,0
88446,0
122885,0
15,0
130893,0
53960,0
38433,0
38207,0
106875,0
707,0
15505,0
22357,0
11825,0
21682,0
21629,0
11290,0
87284,0
130257,0
41501,0
37687,0
16811,0
57520,0
93143,0
120284,0
6615,0
12525,0
63795,0
76058,0
98932,0
102762,0
134048,0
17401,0
44459,0
115438,0
76195,0
44159,0
46326,0
61595,0
11872,0
29860,0
24325,0
119832,0
22485,0
8316,0
32627,0
128881,0
43776,0
119374,0
24040,0
41266,0
114339,0
86861,0
100279,0
29519,0
58330,0
131989,0
29206,0
45585,0
63181,0
91117,0
29249,0
22662,0
25844,0
73769,0
66544,0
122452,0
21711,0
10952,0
129004,0
34411,0
120595,0
121908,0
131368,0
97732,0
128420,0
124443,0
2728,0
4662,0
25456,0
15265,0
130261,0
14882,0
24662,0
106142,0
29184,0
7773,0
60571,0
39308,0
120009,0
5613,0
25743,0
26940,0
80611,0
16525,0
2386,0
85866,0
54338,0
19800,0
11904,0
91762,0
72797,0
128392,0
52690,0
133922,0
132156,0
9984,0
672,0
69289,0
134257,0
16686,0
59815,0
32856,0
5024,0
129090,0
39037,0
124489,0
60514,0
112141,0
110608,0
20043,0
53170,0
19789,0
125945,0
31432,0
31395,0
50208,0
38965,0
13812,0
29228,0
58568,0
57242,0
48514,0
4931,0
40611,0
90839,0
133454,0
51505,0
119838,0
4197,0
92641,0
44485,0
35089,0
19043,0
101732,0
59539,0
77611,0
14275,0
126088,0
129031,0
75882,0
93694,0
49928,0
45691,0
115708,0
95846,0
65580,0
121338,0
76515,0
82920,0
53484,0
124250,0
124562,0
15314,0
31359,0
19740,0
22528,0
48427,0
9859,0
34716,0
2582,0
102452,0
127821,0
127474,0
25664,0
64483,0
116423,0
15062,0
122942,0
78357,0
95244,0
131562,0
17074,0
35555,0
119590,0
26269,0
24348,0
133381,0
42188,0
52231,0
129420,0
69572,0
79326,0
34574,0
7288,0
44046,0
14979,0
122327,0
124026,0
123390,0
61923,0
57569,0
74508,0
6918,0
46740,0
75016,0
125005,0
37751,0
117469,0
34221,0
34693,0
98060,0
24677,0
121340,0
13316,0
57254,0
87056,0
5281,0
130306,0
18662,0
6980,0
22069,0
35704,0
122740,0
128556,0
125337,0
13822,0
21659,0
128781,0
105859,0
107732,0
21328,0
17677,0
4681,0
40678,0
103866,0
56512,0
17386,0
130108,0
59720,0
106062,0
85742,0
51746,0
115002,0
55973,0
100525,0
33793,0
51352,0
36369,0
121827,0
84186,0
62968,0
4299,0
34284,0
9112,0
19686,0
85100,0
10242,0
89985,0
129175,0
104957,0
18674,0
89450,0
97492,0
55497,0
123981,0
116020,0
131470,0
96568,0
131734,0
134020,0
50313,0
119802,0
113517,0
18248,0
52106,0
7042,0
60472,0
128495,0
75411,0
17472,0
96429,0
20935,0
16808,0
26794,0
5602,0
40032,0
38615,0
10461,0
15518,0
110570,0
122127,0
98538,0
11784,0
34430,0
3731,0
65248,0
42540,0
86709,0
128529,0
42205,0
89270,0
49407,0
61892,0
43275,0
94287,0
5094,0
56727,0
30553,0
40389,0
13465,0
35010,0
113841,0
129216,0
54350,0
28301,0
11792,0
33851,0
7547,0
29124,0
128639,0
6327,0
20892,0
3266,0
68964,0
85564,0
41409,0
9865,0
12601,0
16081,0
64021,0
82520,0
127652,0
132491,0
130846,0
83242,0
112944,0
117172,0
30389,0
48465,0
85958,0
26307,0
15362,0
75075,0
21038,0
25028,0
58681,0
87625,0
22350,0
91147,0
122267,0
112715,0
66109,0
32868,0
28382,0
15167,0
33108,0
16070,0
55760,0
30355,0
10574,0
42415,0
83654,0
54232,0
104512,0
21641,0
101084,0
130725,0
1677,0
55857,0
60547,0
1687,0
59355,0
27444,0
15003,0
109899,0
31457,0
56810,0
40853,0
55949,0
56116,0
34439,0
10855,0
750,0
18896,0
1297,0
121137,0
30896,0
32185,0
34898,0
91292,0
22800,0
102394,0
123089,0
46613,0
108017,0
55298,0
104749,0
54614,0
58415,0
27999,0
56045,0
40890,0
2684,0
128703,0
36284,0
54451,0
22804,0
63077,0
102554,0
39997,0
116691,0
38354,0
125972,0
28736,0
104219,0
40868,0
43160,0
129393,0
130405,0
106428,0
13911,0
95194,0
133303,0
61236,0
31201,0
26062,0
26028,0
104235,0
7153,0
18657,0
106212,0
3253,0
73307,0
46561,0
1550,0
31015,0
113957,0
63341,0
23147,0
46689,0
32232,0
10079,0
46215,0
126904,0
132695,0
93942,0
116760,0
50070,0
50156,0
18361,0
36516,0
65249,0
54074,0
6336,0
15441,0
102879,0
26985,0
133242,0
77699,0
2577,0
18584,0
48869,0
52160,0
130572,0
123280,0
106782,0
56411,0
21148,0
62984,0
36632,0
68607,0
5525,0
45516,0
103957,0
67130,0
106832,0
55544,0
54022,0
27069,0
30909,0
59749,0
100880,0
26353,0
17518,0
42405,0
80830,0
59644,0
72855,0
42104,0
104042,0
9991,0
19602,0
86304,0
14434,0
130115,0
90849,0
26080,0
43342,0
24264,0
131764,0
124809,0
43188,0
133310,0
30803,0
48893,0
25812,0
53276,0
49716,0
35659,0
58662,0
22099,0
9450,0
61306,0
84573,0
53159,0
126482,0
62060,0
89770,0
97537,0
79473,0
23797,0
58259,0
16061,0
73466,0
63761,0
8533,0
20656,0
132907,0
17208,0
17682,0
38667,0
7208,0
86508,0
54273,0
21701,0
130081,0
54934,0
11492,0
122923,0
42577,0
56193,0
10162,0
18624,0
46370,0
24747,0
72265,0
21915,0
37439,0
133550,0
128234,0
18328,0
30461,0
106310,0
7740,0
52137,0
78841,0
40961,0
23888,0
52465,0
19820,0
30262,0
42379,0
127527,0
99023,0
6187,0
94729,0
69845,0
20771,0
130042,0
48048,0
131535,0
85749,0
14479,0
41488,0
17148,0
30336,0
100426,0
85986,0
11424,0
125801,0
28137,0
37044,0
4833,0
50763,0
42880,0
17525,0
30028,0
13594,0
53831,0
131288,0
11961,0
116469,0
120365,0
63978,0
125459,0
111297,0
94735,0
129177,0
49858,0
117976,0
41929,0
15589,0
23092,0
38009,0
59297,0
132620,0
3758,0
79883,0
120979,0
597,0
15734,0
18751,0
51461,0
30906,0
123314,0
104172,0
115050,0
31483,0
3576,0
30316,0
121676,0
127421,0
88808,0
84548,0
133628,0
18599,0
79443,0
18767,0
43592,0
71428,0
38960,0
7527,0
90337,0
31736,0
40028,0
129925,0
131192,0
73405,0
86525,0
133203,0
124374,0
128593,0
20166,0
115569,0
97890,0
2148,0
40320,0
55503,0
18734,0
78826,0
132645,0
15122,0
17385,0
127277,0
66677,0
114703,0
122638,0
41923,0
44659,0
99483,0
119528,0
5417,0
3888,0
129864,0
121567,0
25603,0
15144,0
21643,0
126570,0
98669,0
34607,0
127790,0
23956,0
22851,0
109011,0
6400,0
82333,0
125520,0
109779,0
122321,0
54248,0
35880,0
123646,0
871,0
42596,0
59948,0
58904,0
21566,0
132808,0
40978,0
97727,0
56214,0
28971,0
33922,0
52449,0
95935,0
55769,0
31728,0
79411,0
54913,0
40895,0
9660,0
99408,0
43680,0
32424,0
126400,0
53743,0
134176,0
129862,0
20130,0
41412,0
75148,0
130258,0
66009,0
44427,0
97554,0
97239,0
74838,0
54780,0
45264,0
96472,0
57433,0
39725,0
8726,0
107549,0
63793,0
107546,0
31065,0
101404,0
10951,0
41951,0
44465,0
101250,0
2616,0
42987,0
8524,0
27120,0
19511,0
35302,0
74772,0
92718,0
48301,0
97566,0
6783,0
15754,0
119701,0
34264,0
30139,0
65236,0
132269,0
40302,0
123112,0
53931,0
49441,0
77739,0
19864,0
18596,0
132038,0
10287,0
96547,0
64833,0
127767,0
20820,0
33944,0
31678,0
24094,0
12659,0
130839,0
105022,0
16071,0
98419,0
2365,0
20120,0
26847,0
30519,0
22167,0
17040,0
63438,0
57909,0
17557,0
79671,0
84018,0
55213,0
30555,0
129231,0
32229,0
111621,0
34268,0
58130,0
123799,0
86722,0
92217,0
45533,0
106170,0
66233,0
22250,0
96946,0
60464,0
59509,0
46491,0
52645,0
51576,0
1967,0
127820,0
36385,0
46434,0
129699,0
33146,0
53235,0
44141,0
26096,0
58643,0
1735,0
36122,0
29380,0
28460,0
102994,0
25617,0
24022,0
132970,0
101054,0
115350,0
27567,0
57459,0
5786,0
130497,0
26541,0
30612,0
47732,0
118852,0
75424,0
119111,0
21748,0
15684,0
21179,0
2133,0
22416,0
7215,0
53513,0
128701,0
90557,0
103828,0
13527,0
52219,0
126395,0
122847,0
72994,0
19153,0
121924,0
134011,0
51736,0
4930,0
44276,0
6379,0
20104,0
12017,0
12937,0
37709,0
121468,0
35473,0
54171,0
17884,0
20158,0
71936,0
2162,0
120138,0
22810,0
130073,0
9827,0
119173,0
106023,0
104227,0
29831,0
128560,0
129898,0
25518,0
44196,0
123428,0
17417,0
20505,0
74121,0
128074,0
132447,0
35844,0
31512,0
123712,0
132171,0
70042,0
41721,0
5921,0
12817,0
127992,0
114183,0
125495,0
92864,0
46115,0
133363,0
105646,0
67662,0
34109,0
85198,0
46458,0
123456,0
129779,0
123141,0
33394,0
130797,0
1298,0
111508,0
30449,0
30248,0
23228,0
102627,0
52700,0
106771,0
58736,0
38148,0
3185,0
11028,0
133840,0
113320,0
42005,0
115766,0
51267,0
25071,0
55703,0
4798,0
15969,0
22111,0
15804,0
23267,0
4876,0
48087,0
25164,0
110046,0
4348,0
101397,0
113895,0
30725,0
86840,0
63596,0
16502,0
131879,0
59439,0
41199,0
2223,0
98832,0
57805,0
4599,0
32846,0
55705,0
28027,0
59190,0
43672,0
41437,0
69512,0
24061,0
12237,0
10834,0
11124,0
96173,0
118242,0
41985,0
7447,0
102727,0
37603,0
14520,0
100644,0
95421,0
44855,0
130159,0
58800,0
125721,0
79520,0
14080,0
13693,0
22641,0
55787,0
18222,0
13205,0
91742,0
37395,0
15600,0
47904,0
8697,0
87649,0
55762,0
29984,0
117659,0
132603,0
106774,0
39931,0
128235,0
99695,0
128744,0
124609,0
45525,0
39088,0
129777,0
19834,0
113997,0
117314,0
23682,0
102804,0
109046,0
43581,0
107548,0
57145,0
55744,0
126763,0
127734,0
116566,0
126747,0
132731,0
65466,0
125355,0
58633,0
23254,0
134208,0
133016,0
96170,0
6443,0
42016,0
17695,0
82033,0
131867,0
57925,0
83550,0
21466,0
11394,0
37233,0
28988,0
53401,0
32346,0
77483,0
27869,0
72220,0
50515,0
58544,0
22770,0
3113,0
119162,0
13912,0
116932,0
19503,0
59187,0
58888,0
110287,0
130342,0
117542,0
30466,0
7360,0
1160,0
39227,0
19044,0
24101,0
123975,0
50269,0
132902,0
132911,0
7171,0
132109,0
16138,0
29910,0
12920,0
65461,0
52113,0
23550,0
51812,0
36936,0
123443,0
118554,0
45120,0
89996,0
121227,0
19639,0
125547,0
46527,0
130645,0
52999,0
14614,0
113605,0
40345,0
42791,0
92086,0
5598,0
122826,0
53707,0
68872,0
43109,0
134276,0
26357,0
2371,0
112284,0
51062,0
76986,0
47830,0
61024,0
71488,0
53278,0
